Series Name,Series Code,Country Name,Country Code,2000 [YR2000],2001 [YR2001],2002 [YR2002],2003 [YR2003],2004 [YR2004],2005 [YR2005],2006 [YR2006],2007 [YR2007],2008 [YR2008],2009 [YR2009],2010 [YR2010],2011 [YR2011],2012 [YR2012],2013 [YR2013],2014 [YR2014],2015 [YR2015],2016 [YR2016],2017 [YR2017],2018 [YR2018],2019 [YR2019],2020 [YR2020]
Population density (people per sq. km of land area),EN.POP.DNST,Afghanistan,AFG,30.86384711,31.09992947,32.77696058,34.85434433,36.12322954,37.41711819,38.9802585,39.72502338,40.60319519,42.11106665,43.36520706,44.99594928,46.8546893,48.48397651,50.27754473,51.87091057,53.20302961,54.71832789,56.3344817,58.04106067,59.90061635
Population density (people per sq. km of land area),EN.POP.DNST,Albania,ALB,112.7382117,111.685146,111.3507299,110.9348905,110.4722263,109.9082847,109.2170438,108.394781,107.5662044,106.8437591,106.314635,106.0290146,105.8540511,105.660292,105.4417518,105.135146,104.9671898,104.8706934,104.6122628,104.1675547,103.5711314
Population density (people per sq. km of land area),EN.POP.DNST,Algeria,DZA,12.97534282,13.15476122,13.33094082,13.50937466,13.69934838,13.90128603,14.11720255,14.35480615,14.61828789,14.90105763,15.19403293,15.49429241,15.80616104,16.12861647,16.46066783,16.80263681,17.15162186,17.503708,17.84620368,18.17769614,18.49156121
Population density (people per sq. km of land area),EN.POP.DNST,American Samoa,ASM,284.275,285.265,285.31,284.855,284.09,283.085,281.87,280.565,279.14,277.64,276.14,274.475,272.445,270.03,267.33,264.39,261.225,257.93,254.54,251.045,248.805
Population density (people per sq. km of land area),EN.POP.DNST,Andorra,AND,139.7553191,140.1106383,141.5021277,147.8425532,158.1382979,164.7255319,169.3297872,174.206383,177.6489362,178.4851064,171.7148936,165.4957447,163.4765957,159.987234,156.887234,153.5617021,153.5765957,156.9425532,159.9191489,162.7106383,164.6382979
Population density (people per sq. km of land area),EN.POP.DNST,Angola,AGO,12.9901893,13.43323013,13.89885217,14.39296703,14.91972648,15.47377958,16.05460736,16.66684928,17.30861875,17.97928371,18.6851889,19.42596615,20.19523061,20.98790407,21.78613058,22.58586508,23.40825379,24.25189621,25.10399856,25.96906393,26.8317414
Population density (people per sq. km of land area),EN.POP.DNST,Antigua and Barbuda,ATG,170.2545455,172.8840909,175.0727273,177.0090909,178.9068182,180.9340909,183.1909091,185.6909091,188.4363636,191.3022727,193.9090909,196.2090909,198.3181818,200.1454545,201.7386364,203.2022727,204.475,205.6090909,206.65,207.6454545,208.7409091
Population density (people per sq. km of land area),EN.POP.DNST,Argentina,ARG,13.59817298,13.7482963,13.89611136,14.04042182,14.18352682,14.33000778,14.4781159,14.62232222,14.77118271,14.92855639,15.08709207,15.24858862,15.40610044,15.55983871,15.72120737,15.88671424,16.04139051,16.18337992,16.31711374,16.43352554,16.51336651
Population density (people per sq. km of land area),EN.POP.DNST,Armenia,ARM,113.1401475,112.8134879,112.3919916,111.7843344,111.1661398,110.516333,109.8384264,109.14647,108.4334387,107.6923077,106.9476642,106.3540569,106.2205831,106.1468212,105.8587987,105.5356516,105.1036178,104.6505093,104.2852125,104.056902,105.0273766
Population density (people per sq. km of land area),EN.POP.DNST,Aruba,ABW,503.2666667,507.9944444,511.5222222,517.3777778,528.5444444,542.4166667,552.25,556.3888889,560.65,564.4666667,565.7666667,569.95,578.3888889,587.0833333,593.3722222,599.4777778,604.0388889,604.0833333,605.0444444,606.6833333,603.2611111
Population density (people per sq. km of land area),EN.POP.DNST,Australia,AUS,2.476966794,2.508975307,2.53767882,2.567035523,2.594629473,2.626406675,2.662088958,2.711118025,2.765994429,2.823588378,2.867858584,2.90798641,2.95920037,3.010573526,3.055814795,3.100112596,3.144935531,3.197156014,3.245344916,3.293650563,3.334526951
Population density (people per sq. km of land area),EN.POP.DNST,Austria,AUT,97.08635482,97.45871304,97.93937227,98.41763209,99.03012603,99.70708919,100.2016602,100.5269874,100.8421716,101.1066772,101.3500242,101.6922322,102.1569438,102.7608216,103.5670868,104.7345977,105.8733398,106.6113185,107.1318589,107.6093068,108.0570044
Population density (people per sq. km of land area),EN.POP.DNST,Azerbaijan,AZE,97.43477998,98.19379207,98.9124646,99.62372356,100.4753726,101.5225018,102.6725317,103.8533687,106.0597625,108.2912905,109.5423442,110.9763362,112.4607902,113.9234808,115.3488139,116.7310768,118.033289,119.2087416,120.2575919,121.2800711,122.1247368
Population density (people per sq. km of land area),EN.POP.DNST,"Bahamas, The",BHS,32.35114885,32.75084915,33.12827173,33.52827173,33.94425574,34.35504496,34.8026973,35.2981019,35.77622378,36.24475524,36.71108891,37.13576424,37.50939061,37.85744256,38.19160839,38.4961039,38.76673327,39.00949051,39.23246753,39.42807193,39.54675325
Population density (people per sq. km of land area),EN.POP.DNST,Bahrain,BHR,898.0028169,931.4309859,1000.778873,1061.829167,1128.412329,1201.110811,1297.87027,1385.726667,1451.968421,1550.546053,1612.261155,1558.044329,1570.083117,1627.520779,1705.009079,1761.339332,1827.632863,1924.507692,1931.993573,1902.251282,1875.419108
Population density (people per sq. km of land area),EN.POP.DNST,Bangladesh,BGD,1033.604548,1050.978029,1067.324714,1082.971122,1097.817131,1111.744534,1124.728993,1136.892356,1148.300407,1159.051348,1169.255443,1179.926834,1191.289091,1202.520865,1213.527917,1224.423285,1235.399339,1245.956419,1256.227264,1266.905239,1277.544934
Population density (people per sq. km of land area),EN.POP.DNST,Barbados,BRB,609.4488372,610.2906977,614.2976744,618.0837209,621.6232558,624.8976744,627.9116279,630.9023256,634.2186047,637.4953488,640.1,642.1837209,644.0418605,645.7325581,647.3209302,648.8139535,650.227907,651.5604651,652.8162791,653.9697674,655.1116279
Population density (people per sq. km of land area),EN.POP.DNST,Belarus,BLR,49.19747791,48.9467226,48.639731,48.30124836,47.97547519,47.64468799,47.33728266,47.12127096,46.95855635,46.84414336,46.74096855,46.62975211,46.5593029,46.53937252,46.55060033,46.61133719,46.64994482,46.59875953,46.50105922,46.41075062,46.21121293
Population density (people per sq. km of land area),EN.POP.DNST,Belgium,BEL,337.9570105,339.1214189,340.6450071,342.0740777,343.5577424,345.4527083,347.7387004,350.3016517,353.079913,355.932252,359.1990901,363.9028121,366.1666172,367.8965813,369.5334125,371.6808756,373.5674678,375.0093298,374.7435149,376.761986,378.3893225
Population density (people per sq. km of land area),EN.POP.DNST,Belize,BLZ,10.5567295,10.88903989,11.22354231,11.56422622,11.91091626,12.26352477,12.62069268,12.98114862,13.34331434,13.70512933,14.03967558,14.34888207,14.6608505,14.97707146,15.29693117,15.62178869,15.98882069,16.36133275,16.66926786,16.91490574,17.13336256
Population density (people per sq. km of land area),EN.POP.DNST,Benin,BEN,64.04415573,66.0304718,68.06869457,70.17621497,72.3580525,74.72635686,77.09508691,79.40731642,81.84166371,84.33330082,86.88793899,89.51421603,92.21050905,94.97014899,97.81841078,100.7509844,103.7410607,106.7735012,109.8203884,112.8658656,115.9113959
Population density (people per sq. km of land area),EN.POP.DNST,Bermuda,BMU,1139.814815,1145.685185,1150.777778,1155.296296,1158.425926,1161.314815,1163.592593,1166.851852,1172.222222,1177.12963,1180.092593,1180.240741,1178.62963,1177.296296,1176.462963,1175.259259,1174.981481,1177.37037,1182.055556,1187.166667,1192.259259
Population density (people per sq. km of land area),EN.POP.DNST,Bhutan,BTN,14.99655779,15.34658291,15.68866834,16.02168342,17.06703046,17.36403704,17.59842065,17.80415563,18.00642758,18.20678437,18.40732482,18.61051499,18.81782407,19.02754676,19.23391138,19.43012304,19.60638633,19.77598049,19.92026744,20.05306765,20.1889355
Population density (people per sq. km of land area),EN.POP.DNST,Bolivia,BOL,7.944545371,8.079697221,8.215965107,8.354749377,8.496526355,8.640961876,8.789521831,8.941161267,9.093379489,9.246076802,9.399376904,9.553151482,9.707197452,9.861172344,10.0146663,10.16773285,10.32033601,10.47224868,10.6234358,10.77391858,10.90768854
Population density (people per sq. km of land area),EN.POP.DNST,Bosnia and Herzegovina,BIH,81.24552734,81.62964844,81.79691406,81.61177734,80.87865234,80.00962891,79.36078125,78.3871875,77.10046875,75.77722656,74.4428125,73.08199219,71.68189453,70.52458984,69.62556641,68.72150391,67.83208984,66.96644531,66.15234375,65.34244141,64.44041016
Population density (people per sq. km of land area),EN.POP.DNST,Botswana,BWA,2.959755086,3.021287033,3.078649445,3.133301572,3.18872479,3.246478923,3.307599739,3.37233074,3.440738976,3.512559773,3.587441992,3.65877049,3.720672984,3.777251954,3.832590475,3.887694317,3.943281633,3.99969474,4.056854234,4.114980679,4.174640481
Population density (people per sq. km of land area),EN.POP.DNST,Brazil,BRA,20.82021622,21.09335366,21.35684303,21.61039274,21.85595635,22.09679438,22.33189513,22.5591244,22.77627582,22.98118373,23.17524342,23.36461629,23.55501475,23.74670668,23.93895376,24.12923593,24.31379637,24.49150708,24.65946502,24.82076862,24.96498527
Population density (people per sq. km of land area),EN.POP.DNST,British Virgin Islands,VGB,134.94,138.64,142.8666667,147.56,152.54,157.7666667,163.2866667,169.1066667,175.2533333,181.4533333,184.5,191.4,202.3,211.3533333,219.7466667,229.9866667,225.8533333,217.9933333,231.0466667,242.6333333,247.5666667
Population density (people per sq. km of land area),EN.POP.DNST,Brunei Darussalam,BRN,61.94003795,63.25332068,64.53491461,65.77552182,66.96603416,68.10550285,69.19601518,70.3743833,71.68747628,73.0459203,74.44629981,75.78538899,76.95578748,78.02694497,79.07969639,80.11612903,81.1316888,82.1199241,83.07590133,84,84.89639469
Population density (people per sq. km of land area),EN.POP.DNST,Bulgaria,BGR,73.85132423,72.3957516,72.03272978,71.48411327,70.95310776,70.4986377,69.97166529,69.47185342,68.98592211,68.57445652,68.12453021,67.68909359,67.2981577,65.95435704,65.15817981,64.33516028,63.50533346,62.67011791,61.81648858,60.94994473,60.34170965
Population density (people per sq. km of land area),EN.POP.DNST,Burkina Faso,BFA,43.58752193,44.93786915,46.34830775,47.81627193,49.34405336,50.92150219,52.5354788,54.15316886,55.76788377,57.41983187,59.12462719,60.89878655,62.76420687,64.67620249,66.62814693,68.63116594,70.66833333,72.71347588,74.70134503,76.61532164,78.50398392
Population density (people per sq. km of land area),EN.POP.DNST,Burundi,BDI,251.954595,258.3475467,265.7372274,274.2661215,284.682866,295.4555685,306.290771,317.8299844,331.2163941,348.4285826,365.126324,378.4259346,392.1739875,406.5163941,420.5523754,430.2017134,437.6733255,448.0826324,461.816433,477.2327103,491.3176012
Population density (people per sq. km of land area),EN.POP.DNST,Cabo Verde,CPV,112.4856079,114.2166253,115.8923077,117.4647643,118.9503722,120.3759305,121.7687345,123.1240695,124.4057072,125.5933002,126.4972705,126.9099256,127.0359801,127.1029777,127.1280397,127.1449132,127.1846154,127.2687345,127.398263,127.5692308,127.7119107
Population density (people per sq. km of land area),EN.POP.DNST,Cambodia,KHM,70.60013596,71.71133016,72.82597439,73.93478359,75.03246658,76.13416044,77.2661908,78.41474054,79.61408906,80.87927714,82.14777929,83.40462271,84.66510877,85.94044867,87.22395196,88.50697371,89.80740426,91.05694539,92.19647632,93.36791298,94.75115568
Population density (people per sq. km of land area),EN.POP.DNST,Cameroon,CMR,31.54710287,32.38664297,33.26675552,34.18658374,35.13885257,36.12065325,37.12721753,38.18386749,39.292708,40.43488397,41.60704449,42.80066849,44.02176599,45.27591124,46.6668634,48.15513528,49.61638425,51.04313638,52.47695839,53.95717247,55.44743712
Population density (people per sq. km of land area),EN.POP.DNST,Canada,CAN,3.42261134,3.459990363,3.497728426,3.529322777,3.562376486,3.596275538,3.632911275,3.668345976,3.708322375,3.751015717,3.792935211,3.830112798,3.871847252,3.912848123,3.952229134,3.982392458,4.027710725,4.076148363,4.134989443,4.195875007,4.241621355
Population density (people per sq. km of land area),EN.POP.DNST,Cayman Islands,CYM,165.3083333,171.2041667,177.1416667,183.0583333,188.9666667,194.95,200.9666667,207.0291667,213.1291667,219.2416667,225.4125,231.6916667,238.0666667,244.3958333,250.6666667,256.8416667,262.9166667,268.8958333,274.7541667,280.5291667,286.1833333
Population density (people per sq. km of land area),EN.POP.DNST,Central African Republic,CAF,6.153353238,6.291513371,6.430506597,6.586224277,6.730273845,6.884346207,7.026837138,7.163584706,7.318026261,7.269971749,7.212101512,7.327716781,7.40127773,7.451955119,7.421076118,7.430928762,7.566315131,7.694486179,7.831161514,7.937177759,8.068682783
Population density (people per sq. km of land area),EN.POP.DNST,Chad,TCD,6.759921379,6.991839263,7.239669632,7.534810197,7.878046379,8.202106099,8.502560356,8.800555909,9.113958069,9.445484435,9.778093234,10.12944489,10.49158037,10.8728391,11.26800985,11.63248173,12.00337913,12.40689247,12.83079018,13.25065359,13.67906528
Population density (people per sq. km of land area),EN.POP.DNST,Channel Islands,CHI,748.030303,751.7676768,756.9747475,762.4242424,767.8737374,773.3636364,778.8585859,784.3888889,789.9393939,795.510101,801.1161616,806.5959596,811.9545455,817.0555556,821.8484848,825.5252525,827.6919192,829.8939394,833.0757576,836.5606061,839.5707071
Population density (people per sq. km of land area),EN.POP.DNST,Chile,CHL,20.85133525,21.09371083,21.32783122,21.55220219,21.77084779,21.98799514,22.2037451,22.42214323,22.64729427,22.87693199,23.10790121,23.33701307,23.56202423,23.78782083,24.08603242,24.3333484,24.60938546,25.00228887,25.45268489,25.84400417,26.07673523
Population density (people per sq. km of land area),EN.POP.DNST,China,CHN,134.492481,135.4730488,136.3837796,137.2359193,138.0534367,138.8677661,139.6453429,140.3765881,141.0977052,141.8012441,142.4877434,143.2685098,144.243669,145.2076439,146.1258167,146.9779493,147.8226414,148.7200435,149.4171945,149.9481797,150.3055428
Population density (people per sq. km of land area),EN.POP.DNST,Colombia,COL,35.23202704,35.79023164,36.34491212,36.89718702,37.44314646,37.97113745,38.47776836,38.96834069,39.44011537,39.90224516,40.35810635,40.79280216,41.20397476,41.59674087,41.96974223,42.33433078,42.75575665,43.38087247,44.18608833,44.982411,45.63316539
Population density (people per sq. km of land area),EN.POP.DNST,Comoros,COM,288.0601827,294.0462117,300.3347663,306.1783987,312.0386889,318.4723267,324.9613111,331.5029554,338.1552929,344.9473401,351.8731865,358.9768941,366.2708221,374.0956475,382.3229447,390.4793122,398.5711983,406.5926921,414.6104245,422.6641591,431.0386889
Population density (people per sq. km of land area),EN.POP.DNST,"Congo, Dem. Rep.",COD,22.27892724,22.99580777,23.70945678,24.41228336,25.14181028,25.92608191,26.73779052,27.5590534,28.40284246,29.29447696,30.24328444,31.25176375,32.31274917,33.43084405,34.58381685,35.74492446,37.03333186,38.41264992,39.72018438,40.99929071,42.34136786
Population density (people per sq. km of land area),EN.POP.DNST,"Congo, Rep.",COG,9.22795022,9.582831625,9.811920937,10.09005271,10.44086091,10.82399122,11.2369224,11.65572474,12.04543777,12.53651245,13.06673499,13.49845974,13.88125915,14.22283748,14.57065886,14.92703075,15.29293119,15.66913909,16.05598243,16.44703075,16.84565447
Population density (people per sq. km of land area),EN.POP.DNST,Costa Rica,CRI,77.1198394,78.514434,79.82187622,81.05726596,82.25769683,83.4555425,84.63258911,85.78629064,86.95761849,88.12751665,89.22761457,90.28266745,91.34222483,92.36480611,93.36308265,94.36032119,95.31919311,96.22359969,97.09788484,97.91525656,98.59616138
Population density (people per sq. km of land area),EN.POP.DNST,Cote d'Ivoire,CIV,55.65724528,57.16639308,58.66280189,60.14321384,61.61949686,63.10835849,64.61258491,66.13383019,67.65546855,69.17591195,70.71718553,72.27044025,73.79584277,75.28231132,77.13017296,79.39101258,81.72768868,84.06720755,86.3653239,88.65726101,90.92908491
Population density (people per sq. km of land area),EN.POP.DNST,Croatia,HRV,79.91669051,76.90016454,76.94544999,76.89584376,76.91730398,77.01638553,77.03450432,77.01767207,77.00852334,76.92768566,76.75339504,76.48884997,76.12693875,75.65438496,75.07679937,74.1856372,73.3840862,72.21440569,71.27394396,70.57018798,69.9464975
Population density (people per sq. km of land area),EN.POP.DNST,Cuba,CUB,103.4367691,103.7628678,105.0607952,105.351344,105.6174796,105.8112927,105.9715306,106.0435175,106.0857009,106.1134818,106.1387542,105.7575681,105.9848194,108.4068989,108.4962027,108.3099424,108.2815456,108.3605877,108.1610597,107.9272254,107.6720039
Population density (people per sq. km of land area),EN.POP.DNST,Curacao,CUW,..,..,..,..,..,..,..,..,..,..,..,339.7094595,342.5405405,346.4459459,351.1463964,355.8108108,359.6036036,360.7545045,358.8648649,354.5968468,348.9797297
Population density (people per sq. km of land area),EN.POP.DNST,Cyprus,CYP,102.5613636,104.3427489,106.2164502,108.1807359,110.159632,112.1375541,114.1145022,116.0945887,118.0764069,120.0617965,122.0580087,124.079329,126.1252165,128.1271645,130.0650433,131.9807359,133.8865801,135.7440476,137.5256494,139.2501082,140.9358225
Population density (people per sq. km of land area),EN.POP.DNST,Czechia,CZE,132.7172641,132.2195548,131.964747,131.9269833,131.9842221,132.1669169,132.5424595,133.3181618,134.4459218,135.214086,135.6261815,135.9068756,136.0971773,136.1599586,136.30338,136.589289,136.8518586,137.2158788,137.6755343,138.2268103,138.5759288
Population density (people per sq. km of land area),EN.POP.DNST,Denmark,DNK,133.4904,133.969575,134.398275,134.76435,135.113075,135.4858,135.9318,136.53595,137.340525,138.077375,138.692075,139.2643,139.7893,140.3733,141.086875,142.087075,143.20025,144.1245,144.8409,145.36055,145.7851
Population density (people per sq. km of land area),EN.POP.DNST,Djibouti,DJI,32.23977567,33.27493529,34.32157032,35.09572908,35.63951682,36.20220017,36.91820535,37.72769629,38.51311475,39.32385677,40.13162209,40.92139776,41.70608283,42.48593615,43.2578516,44.01695427,44.76501294,45.50651424,46.24167386,46.96760138,47.67851596
Population density (people per sq. km of land area),EN.POP.DNST,Dominica,DMA,91.348,91.05066667,91.156,91.37466667,91.532,91.64533333,91.74133333,91.796,91.80533333,91.81866667,91.812,92.07066667,92.15733333,92.95333333,93.83066667,93.88,92.808,91.328,90.89866667,90.50666667,90.09733333
Population density (people per sq. km of land area),EN.POP.DNST,Dominican Republic,DOM,177.6897123,180.5067895,183.2381495,185.8956738,188.4680604,190.9549576,193.359201,195.7287932,198.1604223,200.6885738,203.2741668,205.8708549,208.453964,211.008756,213.5277996,215.9972883,218.410888,220.7998965,223.184703,226.0267745,228.3973491
Population density (people per sq. km of land area),EN.POP.DNST,Ecuador,ECU,51.09198744,51.98397488,52.90091802,53.84243034,54.79425431,55.75037446,56.7165848,57.69356177,58.68578676,59.69541794,60.70500483,61.70972379,62.70008858,63.64602996,64.56403608,65.49454421,66.45651071,67.48074972,68.64852231,69.81809067,70.64770897
Population density (people per sq. km of land area),EN.POP.DNST,"Egypt, Arab Rep.",EGY,73.41733286,74.99324828,76.58761063,78.20940077,79.84071827,81.47170024,83.07840976,84.66143453,86.25725953,87.90158823,89.60376915,91.50942689,93.58682104,95.76930333,97.97443769,100.0525812,102.1091858,104.1700306,106.1651454,108.0447617,109.8147813
Population density (people per sq. km of land area),EN.POP.DNST,El Salvador,SLV,286.8419884,288.0337838,288.9300676,289.5076737,289.8007239,289.8444981,289.6872104,290.0494208,290.9892375,291.9053571,292.8691602,293.9250483,295.0760135,296.2760135,297.4399131,298.4399614,299.2664093,299.8809363,300.1837355,300.3049228,300.9012066
Population density (people per sq. km of land area),EN.POP.DNST,Equatorial Guinea,GNQ,25.07233512,26.73212121,28.44766488,30.22680927,32.0826025,33.7742246,35.30634581,36.93561497,38.66417112,40.48745098,42.3916221,44.27219251,46.11347594,47.99351159,49.90474153,51.83326203,53.76777184,55.70039216,57.62645276,59.54285205,61.19315508
Population density (people per sq. km of land area),EN.POP.DNST,Eritrea,ERI,22.24783168,22.89187129,23.69285149,24.69210891,21.47650541,21.98890999,22.34224742,22.6651486,23.26437552,23.8530993,24.32729108,24.76265617,25.08205175,25.39759056,25.57229476,25.6468529,25.80742961,26.02060722,26.36951008,26.76064906,27.19141159
Population density (people per sq. km of land area),EN.POP.DNST,Estonia,EST,32.95553197,32.7462845,32.53951404,32.33592828,32.14319415,31.95977825,31.77188016,31.62727058,31.5425808,31.48183534,31.41012031,31.31490918,31.20301958,30.31969174,30.24028065,30.26011042,30.2689211,30.816,30.9234386,31.03854971,31.09992982
Population density (people per sq. km of land area),EN.POP.DNST,Eswatini,SWZ,60.54732558,61.10837209,61.59540698,62.01744186,62.39296512,62.73383721,63.04860465,63.4130814,63.8425,64.2530814,64.63081395,64.9902907,65.34087209,65.69709302,66.06389535,66.44261628,66.83180233,67.3369186,67.96098837,68.59732558,69.3447093
Population density (people per sq. km of land area),EN.POP.DNST,Ethiopia,ETH,67.411494,69.487762,71.635517,73.832663,67.40863725,69.43778477,71.50677486,73.63186221,75.79839696,77.98026314,80.22403021,82.53767959,84.88418078,87.22415785,89.59874025,92.03678223,94.56147998,97.17443526,99.82988254,102.5521595,105.3700909
Population density (people per sq. km of land area),EN.POP.DNST,Faroe Islands,FRO,32.77507163,33.40616046,33.90759312,34.40687679,34.65902579,34.64111748,34.6239255,34.65472779,34.77578797,34.95057307,34.85458453,34.77292264,34.59240688,34.56017192,34.69054441,35.02936963,35.43266476,35.94555874,36.53008596,37.10100287,38.48243045
Population density (people per sq. km of land area),EN.POP.DNST,Fiji,FJI,46.02676519,46.50224412,46.96491516,47.41576355,47.85801861,48.29660646,48.73371648,49.14241927,49.44712644,49.65730706,49.83136289,49.97203065,50.07761357,50.1561029,50.22359059,50.27794198,50.31012589,50.28784893,50.2014231,50.07657362,50.08007663
Population density (people per sq. km of land area),EN.POP.DNST,Finland,FIN,16.99402147,17.03275879,17.07409304,17.11485604,17.16462129,17.22346761,17.31698399,17.39195633,17.48403751,17.56785456,17.64841066,17.73099477,17.81556155,17.89783145,17.97200303,18.03011089,18.08200783,18.12389445,18.14795012,18.16736091,18.19287688
Population density (people per sq. km of land area),EN.POP.DNST,France,FRA,113.0321199,113.8591279,114.6899378,115.5020967,116.3514018,117.2295278,118.048691,118.7807589,119.4454328,120.0601837,120.6535133,121.2372762,121.8251396,122.4565025,123.0393673,123.4776361,123.8038853,124.1636887,124.6096076,125.024698,125.4311346
Population density (people per sq. km of land area),EN.POP.DNST,French Polynesia,PYF,69.24142898,70.32469029,71.38432728,72.49697494,73.65427831,74.76433305,75.83491789,76.76116393,77.32036877,77.63785653,77.95447998,78.2849323,78.67588591,79.14952463,79.62748487,80.05358686,80.43157591,80.6934601,80.61509651,80.39008931,80.44050706
Population density (people per sq. km of land area),EN.POP.DNST,Gabon,GAB,4.950409438,5.082427135,5.220378779,5.3648077,5.517169247,5.679726006,5.853754803,6.039651492,6.237338456,6.448387472,6.674735126,6.91576435,7.167652424,7.424453759,7.678033919,7.920941514,8.151146816,8.370784337,8.58585788,8.800814996,9.013618194
Population density (people per sq. km of land area),EN.POP.DNST,"Gambia, The",GMB,143.783004,147.7283597,151.7481225,155.890415,160.2086957,164.7269763,169.4935771,174.4835968,179.6296443,184.9231225,190.3784585,196.026087,201.8867589,207.8873518,213.886166,219.8151186,225.6688735,231.4416008,237.1177866,242.7711462,248.5902174
Population density (people per sq. km of land area),EN.POP.DNST,Georgia,GEO,71.33088981,70.23291578,69.60556702,69.13705868,68.71024179,68.27511459,67.88808216,67.53486826,67.33001505,66.73464782,66.24960635,65.72030162,65.23800693,65.04195388,65.07250079,65.17505861,65.21405578,65.22278596,65.19733021,65.08556982,65.13027048
Population density (people per sq. km of land area),EN.POP.DNST,Germany,DEU,235.5968133,236.0273001,236.4515708,236.6164273,236.5921954,236.4646806,236.2251979,235.9433619,235.5221782,234.9396374,234.6069082,230.3046333,230.7506255,231.1557126,232.1080539,234.1529869,235.7129294,236.5887226,237.2940123,237.8229543,238.0173188
Population density (people per sq. km of land area),EN.POP.DNST,Ghana,GHA,86.30169201,88.63087369,91.10217105,93.59543377,96.10748879,98.66150127,101.260007,103.9038367,106.5744309,109.2672233,111.958315,114.6835194,117.4926079,120.3577085,123.2380768,126.1143887,129.0179397,131.8816648,134.6470291,137.3820281,140.1477124
Population density (people per sq. km of land area),EN.POP.DNST,Gibraltar,GIB,2770.9,2765.7,2783.1,2827.4,2871.5,2916.3,2959.4,3000.6,3041.3,3082.3,3124.8,3166,3202.9,3240.7,3281.3,3319.3,3365.8,3424.5,3485.4,3549.4,3617.3
Population density (people per sq. km of land area),EN.POP.DNST,Greece,GRC,83.83093871,84.2678976,84.5773623,84.77944143,84.98945694,85.23905353,85.49543832,85.71352211,85.94135764,86.16770365,86.27882855,86.1512723,85.68666408,85.06757952,84.50281614,83.94788984,83.5994647,83.43428239,83.26518231,83.17751746,82.99921645
Population density (people per sq. km of land area),EN.POP.DNST,Greenland,GRL,0.136886344,0.137358996,0.137885248,0.138265319,0.138623462,0.138713607,0.138323791,0.137787794,0.137234742,0.137222561,0.137736631,0.138603971,0.138409063,0.137612377,0.137154343,0.136713363,0.136888781,0.136854672,0.136491656,0.136983798,0.13732976
Population density (people per sq. km of land area),EN.POP.DNST,Grenada,GRD,316.0323529,317.6088235,318.8352941,320.2470588,321.5382353,322.7470588,323.9264706,325.0647059,326.1647059,327.2176471,328.1941176,329.6441176,331.6911765,333.7852941,335.6823529,337.2823529,338.6176471,339.5235294,340.2676471,341.1205882,342.1794118
Population density (people per sq. km of land area),EN.POP.DNST,Guam,GUM,296.4166667,298.7574074,300.5833333,302.1055556,303.3518519,304.3796296,305.2574074,306.05,306.8388889,307.7277778,308.3740741,308.412963,308.0203704,307.3444444,306.4555556,305.3796296,304.1351852,302.7592593,301.2574074,299.6444444,300.2925926
Population density (people per sq. km of land area),EN.POP.DNST,Guatemala,GTM,109.1600597,111.6967339,114.2862542,116.8891564,119.5166293,122.1316629,124.7429918,127.3986562,130.0408175,132.6578108,135.3127286,138.0377566,140.8141751,143.5921706,146.3393524,149.045754,151.8174692,154.6039287,157.2012411,159.6099571,161.9757839
Population density (people per sq. km of land area),EN.POP.DNST,Guinea,GIN,34.30258831,34.75484291,35.30061045,36.10117614,36.88232948,37.62755982,38.4224768,39.32232216,40.28516197,41.2808644,42.3086684,43.36972977,44.44726111,45.54726111,46.69104672,47.88812469,49.13328178,50.40557952,51.70427316,53.04552336,54.41633974
Population density (people per sq. km of land area),EN.POP.DNST,Guinea-Bissau,GNB,43.90970839,44.85323613,45.85017781,46.89921764,47.99299431,49.13175676,50.33083215,51.59978663,52.91799431,54.28083215,55.7022404,57.18620199,58.72748933,60.31198435,61.91756757,63.52976529,65.14555477,66.75220484,68.35590327,69.97496444,71.59512802
Population density (people per sq. km of land area),EN.POP.DNST,Guyana,GUY,3.885354331,3.883550927,3.879359919,3.876560833,3.873091186,3.865450851,3.855554991,3.84486157,3.833406147,3.820645161,3.806228092,3.790464821,3.791150622,3.8101143,3.831490983,3.854615189,3.878831598,3.903881128,4.021112522,4.102946406,3.824386663
Population density (people per sq. km of land area),EN.POP.DNST,Haiti,HTI,301.2754354,306.8185051,312.3236938,317.8487663,323.3041727,328.7834906,334.4180697,340.1050798,345.8190856,351.5813135,355.7073295,359.7570392,365.3763062,370.9129898,376.3873367,381.8302612,387.208164,392.5164731,397.7634978,402.9449565,407.9770682
Population density (people per sq. km of land area),EN.POP.DNST,Honduras,HND,58.78785414,60.39854321,62.01500581,63.62689248,65.23365806,66.83666994,68.43178121,70.0223255,71.61128787,73.19598713,74.7687729,76.33017249,77.88967736,79.44658146,81.000286,82.55702029,84.1217267,85.69252838,87.27509161,88.86972026,90.44275628
Population density (people per sq. km of land area),EN.POP.DNST,"Hong Kong SAR, China",HKG,6347.619048,6394.571429,6422.952381,6410.285714,6460.47619,6488.761905,6530.571429,6586.952381,6626.47619,6640.761905,6689.714286,6734.857143,6809.619048,6837.047619,6885.238095,6944.095238,6987.238095,7041.142857,7097.714286,7150.380952,7124.761905
Population density (people per sq. km of land area),EN.POP.DNST,Hungary,HUN,113.9362977,113.6752511,113.3520196,113.0278063,112.7777951,112.5662872,112.3911394,112.2171633,112.0208459,110.7108141,110.4608748,110.1483155,109.5809345,109.0548327,107.7475126,107.360892,106.9444992,106.582906,106.3660311,106.2330046,105.9655819
Population density (people per sq. km of land area),EN.POP.DNST,Iceland,ISL,2.805037406,2.842573566,2.86805985,2.887990025,2.913456359,2.95994015,3.030244389,3.107890274,3.166224439,3.177047382,3.172478803,3.182184539,3.199162095,3.229566085,3.265695761,3.299900249,3.346024938,3.425436409,3.498175146,3.575949618,3.634463949
Population density (people per sq. km of land area),EN.POP.DNST,India,IND,355.8207625,362.5394189,369.165906,375.6244996,382.0783445,388.362776,394.485011,400.4708818,406.2743935,412.1918724,418.2314497,424.1992453,430.0682102,435.8381102,441.3701079,446.6665427,452.0209929,457.3059239,462.3515699,467.1851822,471.7551502
Population density (people per sq. km of land area),EN.POP.DNST,Indonesia,IDN,115.0868726,116.695438,118.288281,119.8645702,121.3977856,122.9663455,124.6068093,126.2636154,127.9123689,129.5433111,131.1865936,132.8721744,134.5917272,136.2715728,137.8827053,139.4389346,140.9452677,142.3935832,143.7811527,145.1326889,146.3712836
Population density (people per sq. km of land area),EN.POP.DNST,"Iran, Islamic Rep.",IRN,40.77866537,41.41310261,41.75650004,42.22189887,43.1348486,44.10008534,45.06050431,45.80333996,46.36300253,46.94235185,47.53360962,48.12470714,48.73067855,49.37172205,50.03932132,50.72531374,51.45769051,52.40477904,53.07734854,53.65278767,54.06683698
Population density (people per sq. km of land area),EN.POP.DNST,Iraq,IRQ,55.84300706,57.61218191,59.46123191,61.28142991,63.05388573,64.95060932,65.42861879,64.91439056,66.23919336,69.20751059,71.48039694,74.05006447,77.48858445,81.27093622,84.19189502,86.51949425,88.61355867,90.61233784,92.75058047,94.88441481,97.01380923
Population density (people per sq. km of land area),EN.POP.DNST,Ireland,IRL,55.23550588,56.12197706,57.07572942,58.01307882,59.08349543,60.38487444,62.03499782,63.85457976,65.16974888,65.83502685,66.19473073,66.484018,66.76633764,67.11882712,67.61126433,68.25311366,69.13517201,70.07468428,71.09917259,72.23771229,73.1564378
Population density (people per sq. km of land area),EN.POP.DNST,Isle of Man,IMN,132.7350877,134.1684211,135.5701754,136.9280702,138.2315789,139.5017544,140.8666667,142.3631579,143.9105263,145.5070175,147.145614,148.0385965,147.9561404,147.6157895,147.1789474,146.654386,146.4315789,146.6824561,147.0263158,147.2929825,147.4807018
Population density (people per sq. km of land area),EN.POP.DNST,Israel,ISR,290.6192237,297.5508318,303.6044362,309.1358595,314.6487985,320.2449168,325.9565619,331.797597,337.7449168,345.9149723,352.2920518,358.8632163,365.5499076,372.435305,379.6534196,387.2504621,394.9168207,402.6478743,410.4805915,418.3918669,425.836414
Population density (people per sq. km of land area),EN.POP.DNST,Italy,ITA,192.5554346,192.6733611,193.054951,194.1010828,195.5517723,196.6964541,197.4849722,198.6901271,200.2285319,201.3927255,202.285309,202.9867678,203.5427231,203.9497528,203.9805051,203.6724345,203.2856404,202.9036176,203.3987042,201.9805456,200.9991005
Population density (people per sq. km of land area),EN.POP.DNST,Jamaica,JAM,240.7964912,242.3271468,243.8201293,245.3022161,246.742844,248.1132041,249.3968606,250.5817175,251.6745152,252.7234534,253.7920591,254.8932595,255.9953832,257.0348107,257.9638966,258.7750693,259.456602,259.9966759,260.3967682,260.689843,261.379409
Population density (people per sq. km of land area),EN.POP.DNST,Japan,JPN,347.9917695,348.8312757,349.6433471,350.3923182,350.5102881,350.5432099,350.7654321,351.1687243,351.3388203,351.2949246,351.3580247,350.7078189,350.1481481,349.6433471,349.1796982,348.8093278,348.6310014,348.345679,347.9039781,347.4156379,346.3950617
Population density (people per sq. km of land area),EN.POP.DNST,Jordan,JOR,61.0487874,62.31747507,63.64535358,65.07058024,66.65980281,68.33167498,72.83965322,77.37111287,79.21425657,80.44326425,82.19241946,84.25798603,85.45986709,90.01812345,99.02804686,107.5099009,112.7096981,115.2762559,117.845303,120.1870735,122.364439
Population density (people per sq. km of land area),EN.POP.DNST,Kazakhstan,KAZ,5.741787236,5.769363263,5.799413639,5.833011075,5.871081602,5.914774605,5.965002037,6.021859466,6.084574212,6.156182539,6.236548505,6.321443864,6.410381153,6.503130718,6.599357336,6.698584658,6.802089121,6.908890247,7.012900322,7.115440605,7.216400711
Population density (people per sq. km of land area),EN.POP.DNST,Kenya,KEN,53.84068946,55.55604948,57.33177777,59.12819869,60.9928225,62.89574446,64.84170503,66.83126999,68.88700671,70.99991391,73.09021858,75.12819517,77.11336929,79.04345328,80.91408089,82.45290087,84.00577714,85.56011945,87.01944939,88.4453895,89.89406867
Population density (people per sq. km of land area),EN.POP.DNST,Kiribati,KIR,109.3987654,111.5246914,113.9061728,116.2654321,118.6234568,121.0308642,123.4777778,126.0098765,128.6691358,131.4407407,134.2024691,136.6012346,138.6222222,140.5407407,142.3777778,144.2160494,146.2691358,148.4876543,150.7209877,152.9888889,155.6777778
Population density (people per sq. km of land area),EN.POP.DNST,"Korea, Dem. People's Rep.",PRK,196.54439,197.7855494,198.8536916,200.0695955,201.4362844,202.6113529,203.6750021,204.6871771,205.6691139,206.6135039,207.5181297,208.436791,209.3823437,210.3600282,211.3716635,212.4022091,213.4235196,214.4149904,215.3570883,216.2414417,217.060975
Population density (people per sq. km of land area),EN.POP.DNST,"Korea, Rep.",KOR,487.3326871,489.6647095,492.2485381,494.7554752,496.6176307,497.5174084,499.9823699,502.3074494,505.7707805,508.0139604,509.8159671,513.8042803,515.8755832,517.6122698,520.8524992,523.5255477,525.3700725,526.7348067,528.9690115,530.3772746,531.1090061
Population density (people per sq. km of land area),EN.POP.DNST,Kosovo,XKX,..,..,..,..,..,..,..,..,..,..,..,..,..,..,..,..,..,..,..,..,..
Population density (people per sq. km of land area),EN.POP.DNST,Kuwait,KWT,109.6918631,112.6891695,115.5989899,118.3996072,121.0617284,125.5212121,132.7010662,140.7343996,148.7890572,156.8734007,165.1723906,175.8032548,187.2676207,196.8487093,205.7169473,215.1837262,224.6967452,233.1544332,242.6214927,249.2882155,246.9285634
Population density (people per sq. km of land area),EN.POP.DNST,Kyrgyz Republic,KGZ,25.53890511,25.78244526,26.02035454,26.2946194,26.61477059,26.91678832,27.20736705,27.46811783,27.73059958,28.10032847,28.50395725,28.9185975,29.46859228,30.12069864,30.79169969,31.4913243,32.19675704,32.88162669,33.59790928,34.35980709,35.07088634
Population density (people per sq. km of land area),EN.POP.DNST,Lao PDR,LAO,23.53211438,23.92323224,24.31061092,24.68780329,25.05037262,25.43120884,25.83708839,26.24019064,26.64198007,27.04350953,27.44451473,27.84484402,28.24513865,28.6455156,29.04320624,29.46986568,29.93415078,30.40791594,30.88407712,31.35890815,31.83073224
Population density (people per sq. km of land area),EN.POP.DNST,Latvia,LVA,38.04698925,37.55877674,37.12492969,36.76788211,36.36881097,35.97793562,35.6494287,35.35965096,34.98998827,34.41703762,33.70811706,33.09992447,32.69190223,32.34362897,32.04046475,31.77924374,31.49014094,31.21230334,30.97006123,30.75549199,30.53911297
Population density (people per sq. km of land area),EN.POP.DNST,Lebanon,LBN,423.200391,430.2950147,436.3151515,442.3761486,449.58739,456.6082111,464.4316716,473.5208211,481.4617791,488.0045943,492.7945259,498.1446725,511.802737,561.430694,620.42913,632.6949169,618.0899316,602.1630499,584.957869,566.4314761,557.4191593
Population density (people per sq. km of land area),EN.POP.DNST,Lesotho,LSO,66.00503953,65.90424901,65.70088933,65.38402503,64.92519763,64.33056653,64.06663373,64.33689065,64.77407773,65.24647563,65.75266798,66.33758235,67.00770751,67.7372859,68.51413043,69.32183794,70.17200264,71.05105402,71.92368248,72.77355072,73.64054677
Population density (people per sq. km of land area),EN.POP.DNST,Liberia,LBR,30.3998858,31.30541944,32.13021179,32.38716777,32.77504153,34.27133513,36.24155939,38.09229651,39.66988164,40.93675249,42.1396387,43.82452243,45.40119394,46.41028862,47.38676287,48.37449128,49.37300664,50.34182932,51.33644103,52.36421304,53.46203281
Population density (people per sq. km of land area),EN.POP.DNST,Libya,LBY,3.01500449,3.071052093,3.130596633,3.193674483,3.260336793,3.329732771,3.398735465,3.469304477,3.543784171,3.61838094,3.692919172,3.605034839,3.511899701,3.583111495,3.652802437,3.712231038,3.769238551,3.829847574,3.892525887,3.950483081,4.004114143
Population density (people per sq. km of land area),EN.POP.DNST,Liechtenstein,LIE,204.03125,207.4625,210.5875,212.99375,215.29375,217.20625,218.98125,220.3875,221.70625,223.3875,225.1375,226.95,229.10625,231.15,232.8,234.3375,235.725,237.2625,239.0375,241.01875,243.13125
Population density (people per sq. km of land area),EN.POP.DNST,Lithuania,LTU,55.83178047,55.373612,54.93087109,54.48648692,53.87803127,53.00778558,52.1682993,51.55223357,51.02881532,50.46535301,49.4181412,48.31533012,47.69344545,47.24770642,46.88352753,46.46622506,45.93284059,45.37984707,45.01357177,44.89123283,44.87973491
Population density (people per sq. km of land area),EN.POP.DNST,Luxembourg,LUX,169.4724331,171.5019849,173.3081889,175.4270799,177.9382861,180.681774,183.5868493,186.4441475,189.8067944,193.3543345,196.9162465,201.342029,206.2358708,211.0578529,216.0915299,221.2518353,226.0722637,231.6353721,236.1466094,240.827591,244.8742649
Population density (people per sq. km of land area),EN.POP.DNST,"Macao SAR, China",MAC,21530,16688.46154,16237.03704,16429.62963,16239.28571,16910.71429,17444.05594,17839.0411,18517.12329,18135.59322,18080.80808,18381.2709,18993.31104,19534.65347,20518.15182,21148.02632,21393.44262,21051.94805,20027.35562,20425.53191,20832.82675
Population density (people per sq. km of land area),EN.POP.DNST,Madagascar,MDG,28.40103518,29.28936789,30.17834199,31.07585721,31.9954053,32.94649895,33.92872201,34.93926987,35.98005296,37.05210304,38.14585411,39.22739109,40.32767212,41.43913716,42.56505328,43.7035098,44.8606944,46.0439584,47.25838089,48.50387418,49.76547955
Population density (people per sq. km of land area),EN.POP.DNST,Malawi,MWI,120.0248409,122.9641281,126.0123038,129.2063428,132.5916101,136.1904009,139.9947073,144.000244,148.2437102,152.6918541,157.2598961,161.9115613,166.6268244,171.4235893,176.2997242,181.2217543,186.2297306,191.3419071,196.5218604,201.8005091,207.190157
Population density (people per sq. km of land area),EN.POP.DNST,Malaysia,MYS,69.90660782,71.60717699,73.36014914,75.11673109,76.87345001,78.63664891,80.40757571,82.1743692,83.91434789,85.60273322,87.21891949,88.75982042,90.2840694,91.84070918,93.42911886,95.06254147,96.75752549,98.48012175,100.1703455,101.7823649,103.1488601
Population density (people per sq. km of land area),EN.POP.DNST,Maldives,MDV,940.0633333,955.89,972.0533333,988.3033333,1004.71,1021.43,1046.17,1081.596667,1120.566667,1160.916667,1202.64,1245.58,1289.393333,1333.566667,1378.723333,1427.18,1477.693333,1527.623333,1576.996667,1625.77,1673.726667
Population density (people per sq. km of land area),EN.POP.DNST,Mali,MLI,9.473352511,9.762543538,10.07060376,10.39588507,10.7380072,11.09552365,11.46554143,11.84878994,12.24463567,12.65011105,13.06779928,13.49711848,13.89704308,14.3089314,14.76841066,15.23780887,15.72811529,16.23764414,16.7531532,17.26649538,17.79545481
Population density (people per sq. km of land area),EN.POP.DNST,Malta,MLT,1219.021875,1228.2125,1237.403125,1245.56875,1253.9625,1261.98125,1266.5875,1271.0125,1279.309375,1288.990625,1295.3375,1300.8375,1312.5875,1327.53125,1354.628125,1388.1875,1420.328125,1459.70625,1512.196875,1574.725,1610.90625
Population density (people per sq. km of land area),EN.POP.DNST,Marshall Islands,MHL,281.7,284.0166667,285.6944444,286.8833333,287.7277778,288.3666667,288.8444444,289.0833333,289.0555556,288.9944444,289.1333333,288.3722222,285.6611111,281.5611111,276.6444444,271.1111111,265.05,258.4944444,251.5833333,244.4833333,237.2555556
Population density (people per sq. km of land area),EN.POP.DNST,Mauritania,MRT,2.535598137,2.598971573,2.657082565,2.718585427,2.783219171,2.851517415,2.923896381,3.000930436,3.088453478,3.186618803,3.289963132,3.398477734,3.511238964,3.623089163,3.733883768,3.847830601,3.96493354,4.085184826,4.208484525,4.334634714,4.463113418
Population density (people per sq. km of land area),EN.POP.DNST,Mauritius,MUS,584.6665025,589.3039409,593.4093596,597.7192118,601.4793103,605.0512315,607.879803,610.6551724,612.8674877,614.4970443,615.9605911,627.1427141,628.8843265,630.4091137,631.551327,632.3880821,632.8227341,633.3935904,633.7391087,633.9434151,633.9579369
Population density (people per sq. km of land area),EN.POP.DNST,Mexico,MEX,50.73461354,51.49263047,52.23829008,52.97384964,53.7020659,54.43118599,55.17305795,55.95532807,56.77835747,57.61450706,58.450009,59.28316263,60.09321639,60.87788935,61.61900306,62.28159469,62.88811492,63.47902827,64.08277528,64.69455593,65.22752849
Population density (people per sq. km of land area),EN.POP.DNST,"Micronesia, Fed. Sts.",FSM,160.0628571,160.5214286,160.64,160.4071429,159.8928571,159.16,158.1842857,156.9714286,155.6228571,154.2242857,153.6285714,153.8542857,154.1285714,154.4585714,154.8514286,155.3085714,155.8214286,156.4014286,157.0128571,157.5457143,158.4514286
Population density (people per sq. km of land area),EN.POP.DNST,Moldova,MDA,101.8444824,101.6169865,101.381934,101.1320584,100.8469896,100.5668883,100.287778,100.0556619,99.86538796,99.73937411,99.77878482,99.72109318,99.67327595,99.57718425,99.51648849,98.75606783,97.61416583,95.90938838,94.25439467,92.75609357,91.74732605
Population density (people per sq. km of land area),EN.POP.DNST,Monaco,MCO,16011.34682,16007.4001,15995.0666,15971.38629,15938.33251,15890.47854,15814.99753,15706.46275,15705.96941,15966.45289,16360.63148,16746.91663,17124.32166,17487.41983,17823.38431,18133.69512,18389.73853,18588.06117,18822.89097,18800.69068,18771.58362
Population density (people per sq. km of land area),EN.POP.DNST,Mongolia,MNG,1.543388397,1.562421138,1.582632369,1.595417922,1.613703658,1.631713237,1.64830525,1.670573572,1.697117336,1.727881377,1.758579165,1.789252539,1.823536009,1.861618441,1.902782111,1.943717132,1.983525631,2.022094128,2.060156493,2.098350434,2.136237218
Population density (people per sq. km of land area),EN.POP.DNST,Montenegro,MNE,..,..,..,..,..,..,45.7267658,45.78996283,45.87130112,45.96981413,46.05412639,46.12230483,46.20208178,46.28899628,46.37501859,46.44245353,46.49464684,46.54141264,46.57531599,46.59873606,46.5866171
Population density (people per sq. km of land area),EN.POP.DNST,Morocco,MAR,63.68683621,64.56339458,65.42267981,66.25905221,67.11408918,68.02183285,68.94729554,69.87781313,70.81955411,71.76961237,72.747067,73.74543581,74.73726417,75.70596236,76.64077974,77.5433296,78.47514452,79.42279184,80.30419001,81.13577862,81.97223392
Population density (people per sq. km of land area),EN.POP.DNST,Mozambique,MOZ,23.05457031,23.57350009,24.10836746,24.6604377,25.22993082,25.82030189,26.43389583,27.07041761,27.74617361,28.47445891,29.24697347,30.07329663,30.94921794,31.85687708,32.79391007,33.75921565,34.76322516,35.81778911,36.90155396,38.002467,39.14607187
Population density (people per sq. km of land area),EN.POP.DNST,Myanmar,MMR,69.30079414,70.03571166,70.74188726,71.40678765,72.03448318,72.6067788,73.12521615,73.63974018,74.07018567,74.4840946,75.04574289,75.64759908,76.30321672,76.96248239,77.60402095,78.22786795,78.88675511,79.50201149,80.08617588,80.6507017,81.23021129
Population density (people per sq. km of land area),EN.POP.DNST,Namibia,NAM,2.208999259,2.255642605,2.295630944,2.329026224,2.358928203,2.388686854,2.419424504,2.451869936,2.486433699,2.523283412,2.562658359,2.607009681,2.665711961,2.735983675,2.808413803,2.883916967,2.962762817,3.044920988,3.130521444,3.219392924,3.314460275
Population density (people per sq. km of land area),EN.POP.DNST,Nauru,NRU,508.4,506.5,504.1,502.95,503,502.45,501.7,501,500.45,500.8,502.15,504.9,513.35,525.85,537.1,547.7,557.5,566.2,573.85,579.35,582.15
Population density (people per sq. km of land area),EN.POP.DNST,Nepal,NPL,171.2348029,174.0268434,176.6932752,179.2030555,181.4904499,183.5330171,185.3186257,186.8747262,188.2806906,189.5572724,190.7356261,191.5904709,192.0817231,192.4659644,193.0405999,194.0957726,195.0154308,195.4046599,195.88203,198.2146076,202.0688804
Population density (people per sq. km of land area),EN.POP.DNST,Netherlands,NLD,471.7272808,475.3015403,478.3450533,480.6072867,482.2801836,483.4084123,484.1854562,485.2398104,487.1324941,490.0796917,492.5998814,495.0496441,496.8849941,498.7958445,500.5938854,503.1162162,505.8008316,508.8,511.7797446,515.1432729,518.013068
Population density (people per sq. km of land area),EN.POP.DNST,New Caledonia,NCL,12.20448578,12.45661926,12.70437637,12.94737418,13.17571116,13.36876368,13.54195842,13.71580963,13.88539387,14.07275711,14.30973742,14.58112691,14.8595733,15.14343545,15.38424508,15.49059081,15.50454048,15.51126915,15.51099562,15.51455142,15.54573304
Population density (people per sq. km of land area),EN.POP.DNST,New Zealand,NZL,14.65079184,14.73738179,14.99563252,15.29451977,15.5235274,15.69974555,15.89229425,16.0411682,16.17788918,16.34043523,16.52310964,16.64957654,16.74110364,16.87022901,17.15278569,17.50560176,17.90323193,18.28111352,18.61152254,18.91003,19.33158634
Population density (people per sq. km of land area),EN.POP.DNST,Nicaragua,NIC,41.73702011,42.27875187,42.79465681,43.30200266,43.81678577,44.391765,45.0295413,45.68092903,46.34031079,47.00516038,47.6769985,48.35508559,49.03844939,49.72448895,50.41126807,51.10035732,51.79213894,52.48654645,53.18331394,53.87782117,54.55598305
Population density (people per sq. km of land area),EN.POP.DNST,Niger,NER,9.086310887,9.410789453,9.749067656,10.10261625,10.47275282,10.85986579,11.26437278,11.68675298,12.12750849,12.58678061,13.06452593,13.55986658,14.08128918,14.62058735,15.17005526,15.7412947,16.33042788,16.9222752,17.51643562,18.11617352,18.72393858
Population density (people per sq. km of land area),EN.POP.DNST,Nigeria,NGA,138.7644455,142.5854991,146.5485128,150.6446677,154.8766922,159.2248899,163.6827454,168.2831681,173.0349199,177.9257815,182.9692304,188.1700078,193.4633607,198.7872273,204.109616,209.3523919,214.5917191,219.8739298,225.0170241,230.0093778,234.9618246
Population density (people per sq. km of land area),EN.POP.DNST,North Macedonia,MKD,79.68344475,80.01895399,79.43991349,79.54089658,79.28375934,78.85686197,78.42261109,78.59425287,78.14082442,77.66780333,77.17279937,76.81990484,76.51946868,76.23774782,76.03318795,75.82989691,75.58735131,75.28378271,74.90289453,74.39579699,73.59730373
Population density (people per sq. km of land area),EN.POP.DNST,Northern Mariana Islands,MNP,148.6,147.7913043,145.1695652,142.2195652,138.9956522,135.5521739,131.9173913,128.1326087,124.2391304,120.2717391,117.5891304,116.5391304,115.726087,114.6913043,113.4304348,111.9869565,110.376087,108.6065217,106.6891304,104.6282609,103.3217391
Population density (people per sq. km of land area),EN.POP.DNST,Norway,NOR,12.29579952,12.35817974,12.4250063,12.49809716,12.57217093,12.65808884,12.76044781,12.89317005,13.05486743,13.22054846,13.38626233,13.56103865,13.74032975,13.91208868,14.07044491,14.20793848,14.33542438,14.45257626,14.54888964,14.6479975,14.76721523
Population density (people per sq. km of land area),EN.POP.DNST,Oman,OMN,7.373605816,7.464352181,7.551340872,7.637466882,7.770019386,7.947663974,8.125347334,8.304277868,8.486361874,8.674180937,8.909357027,9.941075929,11.46076252,12.38744103,12.93195153,13.52147011,14.18700162,14.66040711,14.85582229,14.83438126,14.61226817
Population density (people per sq. km of land area),EN.POP.DNST,Pakistan,PAK,200.9121095,206.609209,211.7353531,216.7785492,222.195413,227.6011986,233.0877568,239.3280809,245.821805,252.148887,258.4566301,264.3032184,269.389691,273.8091246,277.9481203,281.8738105,285.5682713,289.6351793,294.3764166,299.3992567,304.8486742
Population density (people per sq. km of land area),EN.POP.DNST,Palau,PLW,41.69130435,42.06956522,42.39782609,42.73695652,43.08695652,43.08478261,42.59347826,41.96086957,41.32391304,40.67173913,39.99130435,39.3,38.61956522,38.36521739,38.51086957,38.63043478,38.68913043,38.72173913,38.72608696,38.69130435,38.67826087
Population density (people per sq. km of land area),EN.POP.DNST,Panama,PAN,40.49460586,41.29051655,42.09502287,42.90835351,43.73358892,44.56585956,45.39983858,46.24011299,47.08969599,47.94701372,48.80999462,49.68395211,50.56841539,51.45721012,52.5108068,53.42734754,54.35895845,55.29825958,56.18576436,57.08681585,57.87626045
Population density (people per sq. km of land area),EN.POP.DNST,Papua New Guinea,PNG,12.22687806,12.6494612,13.08131211,13.52293645,13.97350395,14.43250673,14.90023407,15.3763746,15.86141854,16.35480723,16.85625359,17.35491322,17.84522811,18.33391777,18.8213598,19.30673056,19.7891578,20.26832575,20.74485051,21.2185002,21.67501215
Population density (people per sq. km of land area),EN.POP.DNST,Paraguay,PRY,12.83883212,13.05735968,13.24270828,13.40658445,13.56198087,13.71280393,13.8564007,13.99291719,14.12930783,14.27444249,14.44241379,14.63535364,14.84270828,15.05775233,15.27765165,15.50239869,15.72898565,15.95434181,16.17765417,16.39833375,16.62154291
Population density (people per sq. km of land area),EN.POP.DNST,Peru,PER,20.77994609,21.06609453,21.31891953,21.54725781,21.75952344,21.95404688,22.12850859,22.28960859,22.43675078,22.57563359,22.72345234,22.89381719,23.08622344,23.29524922,23.52798906,23.795,24.11444844,24.47237266,24.9199875,25.35101797,25.65513984
Population density (people per sq. km of land area),EN.POP.DNST,Philippines,PHL,267.0469766,273.0036154,278.5957306,284.1729047,289.7491498,295.1871818,300.194473,305.4471744,310.8934333,316.5450917,323.0946272,329.5053627,335.9677768,342.3427441,348.0133146,353.1978133,357.969343,362.6109032,367.1237448,371.6157997,375.8971862
Population density (people per sq. km of land area),EN.POP.DNST,Poland,POL,124.9098208,124.8753665,124.8175389,124.7536899,124.6440832,124.5893154,124.5144522,124.446853,124.4719523,124.5644606,124.2092007,124.2962969,124.3000588,124.2291107,124.1442732,124.0615696,124.008253,124.0237304,124.0315838,124.0255954,122.5484206
Population density (people per sq. km of land area),EN.POP.DNST,Portugal,PRT,112.4579016,113.2537923,113.8757486,114.3040546,114.5777158,114.8281404,115.0353996,115.2614409,115.4277577,115.3864723,115.4394585,115.2697893,114.8034065,114.1561287,113.5417704,113.0725196,112.7163842,112.4418158,112.261936,112.2885828,112.406676
Population density (people per sq. km of land area),EN.POP.DNST,Puerto Rico (US),PRI,429.6059752,430.5269448,431.0824126,431.3523112,431.4405862,430.8187148,428.9981962,426.4932356,423.9984216,421.692221,419.8945885,416.399549,412.7446449,409.4055242,404.1732807,398.5532131,392.3824126,384.5363021,370.9909808,372.3439684,369.9650507
Population density (people per sq. km of land area),EN.POP.DNST,Qatar,QAT,55.5546081,58.39147287,61.25796727,64.1414298,66.60913006,71.09457364,83.79250646,104.0994832,122.9059432,138.5790698,139.2620155,139.9449612,148.3581395,165.0668389,187.2711053,204.0519582,215.5885988,221.5683203,224.6069626,229.6481288,243.1808529
Population density (people per sq. km of land area),EN.POP.DNST,Romania,ROU,97.70132341,96.34743807,94.53384957,93.82181344,93.26846957,92.70234368,92.15479607,90.83901866,89.33394954,88.53119621,88.01074114,87.53324934,87.20126511,86.87429031,86.53068063,86.12489569,85.63224531,85.13871262,84.63999478,84.19527121,83.73283206
Population density (people per sq. km of land area),EN.POP.DNST,Russian Federation,RUS,8.949015709,8.911633753,8.870461463,8.830278652,8.794658032,8.761088894,8.734394184,8.71946398,8.716095689,8.718720244,8.722635522,8.732938284,8.754935894,8.781020915,8.807374242,8.832012222,8.854894739,8.871857687,8.878259765,8.881629457,8.868919885
Population density (people per sq. km of land area),EN.POP.DNST,Rwanda,RWA,332.9522092,335.917876,340.5018241,348.0695176,357.3913255,367.0258614,376.9455209,387.1071342,397.4166599,407.8002432,418.2226591,428.6069315,438.9907175,449.6692339,460.671139,471.8290231,483.1448318,494.6112687,506.2017025,517.8801378,529.6245237
Population density (people per sq. km of land area),EN.POP.DNST,Samoa,WSM,64.19964664,64.7229682,65.18409894,65.5229682,65.81236749,66.06996466,66.32826855,66.69717314,67.17561837,67.67243816,68.20600707,68.80318021,69.43392226,70.05936396,70.6844523,71.30106007,71.90777385,73.89028777,74.66978417,75.46043165,76.23884892
Population density (people per sq. km of land area),EN.POP.DNST,San Marino,SMR,446.65,452.3833333,458.1833333,464.05,490.95,497.2666667,503.0666667,520.1833333,527.7,551.1,554.5,543.6666667,557.8166667,550.6833333,544.25,548.2833333,551.6833333,563.75,575.3666667,577.7166667,579.5
Population density (people per sq. km of land area),EN.POP.DNST,Sao Tome and Principe,STP,150.01875,152.4739583,156.16875,160.2229167,164.2760417,168.3739583,172.5395833,176.7708333,181.034375,185.2635417,189.3770833,193.384375,197.3322917,201.1958333,204.965625,208.6364583,212.1760417,215.59375,218.9447917,222.2833333,226.4947917
Population density (people per sq. km of land area),EN.POP.DNST,Saudi Arabia,SAU,7.525606948,7.92737418,8.331857151,8.739291247,9.149914639,9.564118547,9.982436537,10.40536682,10.83313268,11.26564947,11.15439296,11.6723188,12.17331848,12.85022678,13.16900251,13.87008452,14.39937758,14.41014984,14.04680721,13.98517879,14.67770237
Population density (people per sq. km of land area),EN.POP.DNST,Senegal,SEN,51.77509998,53.04597725,54.36147094,55.68574248,57.00775983,58.35699372,59.73143926,61.13511661,62.58224173,64.08034592,65.62828131,67.30845583,69.13465434,71.21409131,73.50595751,75.79769906,78.08923804,80.37709448,82.65983483,84.93700722,87.20313198
Population density (people per sq. km of land area),EN.POP.DNST,Serbia,SRB,..,..,..,..,..,..,84.74238509,84.39948548,84.04095587,83.70463069,83.3688086,82.7408987,82.34046421,81.94092156,81.54341413,81.12717814,80.70343014,80.27507432,79.8376858,79.41041619,82.04454751
Population density (people per sq. km of land area),EN.POP.DNST,Seychelles,SYC,176.3717391,176.526087,182.0065217,179.9586957,179.2934783,180.126087,183.9130435,184.8543478,189.0347826,189.7782609,195.1521739,190.0891304,191.9630435,195.5413043,198.6065217,203.0847826,205.8195652,208.3543478,210.3521739,212.2282609,214.0478261
Population density (people per sq. km of land area),EN.POP.DNST,Sierra Leone,SLE,61.2858271,65.01407592,68.87551953,71.73298698,74.19945968,76.22211139,77.92277639,79.65297866,81.66697146,83.89645331,86.21105569,88.49059296,90.76032142,93.01816293,95.26717927,97.5014547,99.8244389,102.2346772,104.662829,107.1209615,109.6225824
Population density (people per sq. km of land area),EN.POP.DNST,Singapore,SGP,6011.771642,6176.137313,6186.592593,5989.557496,6047.407837,6191.236575,6342.024496,6602.300719,6913.422857,7125.104286,7231.811966,7363.193182,7524.6983,7636.721358,7714.702398,7806.77292,7908.720733,7882.377809,7897.305322,7965.878492,7918.951253
Population density (people per sq. km of land area),EN.POP.DNST,Sint Maarten (Dutch part),SXM,..,..,..,..,..,..,..,..,..,..,..,1007.852941,1030.088235,1054.529412,1078.588235,1102.088235,1124.970588,1146.941176,1168,1187.794118,1206.117647
Population density (people per sq. km of land area),EN.POP.DNST,Slovak Republic,SVK,112.0316008,111.8267568,111.7861123,111.6893369,111.6898129,111.7007692,111.7059044,111.7385031,111.8343659,112.006779,112.1088769,112.2605224,112.4517343,112.5726377,112.7006864,112.8031488,112.9533694,113.1287854,113.2855865,113.4389975,113.5363353
Population density (people per sq. km of land area),EN.POP.DNST,Slovenia,SVN,98.75496524,98.91062562,99.03326713,99.09299901,99.15650447,99.32840119,99.64587885,100.2046673,100.3323704,101.2453712,101.6858266,101.8982925,102.1140492,102.2816783,102.3823237,102.4461092,102.5241783,102.6108719,102.9922926,103.7119346,104.4088814
Population density (people per sq. km of land area),EN.POP.DNST,Solomon Islands,SLB,15.73665595,16.04590925,16.35123258,16.65430511,16.95644873,17.25902108,17.56320114,17.86909611,18.17756342,18.51164702,19.04137192,19.7550911,20.49324759,21.25562701,22.04030011,22.84440872,23.66484459,24.49703466,25.3340836,26.01454091,26.59871383
Population density (people per sq. km of land area),EN.POP.DNST,"Somalia, Fed. Rep.",SOM,14.08919087,14.66269168,15.22310549,15.7955128,16.38823923,16.96723946,17.49530079,18.0485574,18.59132847,19.06653649,19.54563076,19.6844295,19.8634871,20.51454395,21.26357478,22.00874008,22.87234992,23.77758313,24.6317579,25.55387987,26.54253037
Population density (people per sq. km of land area),EN.POP.DNST,South Africa,ZAF,38.87569677,39.21127039,39.58437956,39.98083242,40.3856441,40.79667049,41.21563693,41.65279081,42.13586708,42.64194413,43.14935495,43.68612799,44.33518288,45.0739772,45.82911243,46.75954546,47.20140385,47.51103545,48.31710838,49.12074537,49.92406252
Population density (people per sq. km of land area),EN.POP.DNST,South Sudan,SSD,..,..,..,..,..,..,..,..,..,..,..,..,17.02125235,17.67011378,17.77898343,17.57720159,17.13813555,16.23463675,16.01914294,16.49452313,16.92982925
Population density (people per sq. km of land area),EN.POP.DNST,Spain,ESP,81.29832465,81.94337639,83.02251924,84.50881393,85.98480508,87.4654972,88.97614934,90.61490052,92.12932237,92.97506517,93.15193096,93.50783588,93.50683713,93.16926291,92.88245537,92.90759735,92.99737171,93.22686228,93.63828109,94.31810878,94.80291069
Population density (people per sq. km of land area),EN.POP.DNST,Sri Lanka,LKA,307.6551427,312.5556052,315.8308404,318.1553341,320.3253867,322.3811832,324.5480944,326.78273,328.9647265,330.9908308,332.946723,335.0191038,337.577069,328.2570563,331.3347154,338.8105278,342.6720308,346.6143183,350.284495,352.4316946,354.3323634
Population density (people per sq. km of land area),EN.POP.DNST,St. Kitts and Nevis,KNA,174.0307692,176.0038462,177,177.6,178.1346154,178.6038462,179.1115385,179.6384615,180.1346154,180.4461538,180.1769231,180.3307692,180.8961538,181.0346154,181.1115385,181.1038462,181.0576923,180.9615385,180.8,180.5846154,180.2692308
Population density (people per sq. km of land area),EN.POP.DNST,St. Lucia,LCA,260.0262295,262.6836066,264.9852459,267.1737705,269.2442623,271.2295082,273.1786885,275.0131148,276.7344262,278.4737705,280.1737705,281.6409836,282.9295082,284.2114754,285.4721311,286.7295082,287.9442623,289.0852459,290.1918033,291.247541,292.2131148
Population density (people per sq. km of land area),EN.POP.DNST,St. Martin (French part),MAF,..,..,..,..,..,..,..,..,..,..,..,741.38,745.52,748.38,749,747.38,743.5,736.74,720.24,685.34,635.72
Population density (people per sq. km of land area),EN.POP.DNST,St. Vincent and the Grenadines,VCT,291.1410256,291.0282051,290.6333333,290.1051282,289.3205128,288.3333333,287.2153846,285.9769231,284.6871795,283.3538462,281.9461538,280.3820513,278.8102564,277.2692308,275.7307692,274.2564103,272.6897436,270.9307692,269.0410256,267.0948718,265.4512821
Population density (people per sq. km of land area),EN.POP.DNST,Sudan,SDN,..,..,..,..,..,..,..,..,..,..,..,..,19.76615525,20.22797056,20.78336081,21.42635493,22.08773662,22.86633084,23.67804925,24.38339133,25.0477682
Population density (people per sq. km of land area),EN.POP.DNST,Suriname,SUR,2.969597516,3.031382749,3.093629019,3.155077818,3.201860647,3.235441609,3.27085426,3.30835404,3.347162169,3.38655594,3.426149078,3.465686144,3.505335355,3.54512786,3.584708538,3.623672423,3.661863758,3.698971033,3.735106392,3.774076506,3.81487831
Population density (people per sq. km of land area),EN.POP.DNST,Sweden,SWE,21.78061456,21.83916765,21.91035639,21.99203515,22.07869992,22.16717889,22.29221704,22.45813998,22.63377962,22.82742144,23.02286274,23.19737801,23.36962,23.5684835,23.80349865,24.05826177,24.36244975,24.69294198,24.98145887,25.23788794,25.42094382
Population density (people per sq. km of land area),EN.POP.DNST,Switzerland,CHE,181.7712317,182.9307258,184.3254821,185.7038566,186.9906177,188.1981564,189.3887944,191.0948546,193.5413607,195.9777672,198.0326587,200.2498644,202.390548,204.7343366,207.2507514,209.6266208,211.9315721,213.9184801,215.5000945,217.0427817,218.6344696
Population density (people per sq. km of land area),EN.POP.DNST,Syrian Arab Republic,SYR,90.53154859,92.78124932,95.05023398,97.44156,99.8903688,102.4900093,106.937984,113.7231812,117.8205402,119.6741941,122.433268,124.5880194,123.9435985,117.9922507,110.4049393,105.7812885,104.5245004,104.6924141,106.6157218,110.8399172,114.6295758
Population density (people per sq. km of land area),EN.POP.DNST,Tajikistan,TJK,44.90379394,45.78005859,46.66811232,47.57484281,48.51776936,49.47642183,50.42559303,51.40380823,52.4321449,53.51693341,54.67377108,55.90729494,57.25981709,58.70765933,60.70894759,62.27999135,63.87802435,65.46542258,67.06054471,68.66464443,70.24504647
Population density (people per sq. km of land area),EN.POP.DNST,Tanzania,TZA,38.67705916,39.73616956,40.77817114,41.87125198,43.02288101,44.23354708,45.48984195,46.77750282,48.05907428,49.25940619,50.52888688,51.96361142,53.48189207,55.11868142,56.84298036,58.72766087,60.76316663,62.82782795,64.84211447,66.80389591,68.83359449
Population density (people per sq. km of land area),EN.POP.DNST,Thailand,THA,123.3295132,124.5887393,125.7931003,126.9709057,128.113776,129.2204193,130.2974946,131.3441132,132.3569261,133.3380571,134.2352502,135.0725362,135.9120319,136.712627,137.4393059,138.0743311,138.6988217,139.2867095,139.7092897,139.9954413,140.2287851
Population density (people per sq. km of land area),EN.POP.DNST,Timor-Leste,TLS,50.1067922,54.62333557,59.12299933,61.65958305,62.4797579,63.77343645,65.67565568,67.57827841,69.43032952,71.20255548,72.94411567,74.66086079,76.32044385,77.92165434,79.48238063,81.04445192,82.60336247,84.17639543,85.80759919,87.48789509,89.17639543
Population density (people per sq. km of land area),EN.POP.DNST,Togo,TGO,94.5033462,97.02853466,99.52700864,102.0806582,104.7344732,107.4578231,110.510535,113.7772385,117.0952749,120.4608384,123.7835999,127.164442,130.5522339,133.948189,137.3864681,140.8934547,144.4804008,148.1364221,151.8436845,155.5997058,159.3991543
Population density (people per sq. km of land area),EN.POP.DNST,Tonga,TON,142.6069444,143.4555556,144.2694444,145.0888889,145.9319444,146.7652778,147.5736111,148.2305556,148.6388889,148.8930556,149.1666667,149.4027778,149.25,148.7194444,148.0680556,147.3541667,146.5611111,146.3277778,146.6208333,146.7625,146.8111111
Population density (people per sq. km of land area),EN.POP.DNST,Trinidad and Tobago,TTO,257.2658869,258.3951267,259.6512671,260.9569201,262.2573099,252.3380117,253.0105263,254.0327485,255.0851852,255.3812865,256.8643275,258.8730994,260.2717349,261.317154,262.2500975,263.0929825,263.917154,264.4508772,264.9499025,265.8840156,266.4181287
Population density (people per sq. km of land area),EN.POP.DNST,Tunisia,TUN,62.85359809,63.52778708,64.18328399,64.8277034,65.43616761,66.01101957,66.59635685,67.20971936,67.85939109,68.55484681,69.29698764,70.06974125,70.86539006,71.71318872,72.56879506,73.39253347,74.20619207,74.99033213,75.73065139,76.43589727,77.07297245
Population density (people per sq. km of land area),EN.POP.DNST,Turkiye,TUR,85.0096293,86.073994,87.11821914,88.13550667,89.12414667,90.08167171,91.01171862,91.15823448,92.3192677,93.60238816,95.03547159,96.44066499,97.67788028,98.94056105,100.2844016,101.6312761,103.0078895,104.3523485,105.7744683,107.2975846,108.3438535
Population density (people per sq. km of land area),EN.POP.DNST,Turkmenistan,TKM,9.751828996,9.949160513,10.14930947,10.35019045,10.55070542,10.7510842,10.95291852,11.15920669,11.37409614,11.6008597,11.84081885,12.09417786,12.36044943,12.63877812,12.9280595,13.22701253,13.53401783,13.84687294,14.16279871,14.47863299,14.78924946
Population density (people per sq. km of land area),EN.POP.DNST,Turks and Caicos Islands,TCA,19.71578947,20.60631579,21.68105263,22.87052632,24.05894737,25.25052632,26.44526316,27.65263158,28.87052632,30.09263158,31.30421053,32.46947368,33.81789474,35.42421053,36.89473684,38.53157895,40.33157895,42.01368421,43.74631579,45.43789474,46.72210526
Population density (people per sq. km of land area),EN.POP.DNST,Tuvalu,TUV,318.1333333,319.5333333,320.7666667,323.1666667,327.2,331.3333333,335.2,339.4,344.0333333,348.7,353.8,359.3333333,364.4666667,366.7,366.1333333,365.4333333,364.3333333,362.3,358.3666667,352.7,346.6333333
Population density (people per sq. km of land area),EN.POP.DNST,Uganda,UGA,120.1148591,123.8460337,127.7857465,131.8859116,135.9016816,139.9493969,144.1069166,148.4081377,152.8429658,157.40529,161.5340215,166.3402304,171.2419609,176.2270197,181.50578,187.1705865,193.492679,200.3659884,207.2902005,214.4406393,221.7093158
Population density (people per sq. km of land area),EN.POP.DNST,Ukraine,UKR,85.53837922,84.76198326,84.02195775,83.39685849,82.81752857,82.13185819,81.60503659,81.23659745,80.81746703,80.48009908,80.19057343,79.93484257,79.76602914,79.62226403,79.35987157,79.03622711,78.74610644,78.43266183,78.02710908,77.59312737,77.11428029
Population density (people per sq. km of land area),EN.POP.DNST,United Arab Emirates,ARE,49.19142495,52.43016052,55.71424951,59.03206139,62.36225007,65.68276542,70.53083638,79.197902,88.74491692,94.4390031,96.73103351,100.0357364,104.0755843,108.322036,113.4812729,119.7583357,125.8109687,129.8679949,131.6066038,133.0017601,132.3716981
Population density (people per sq. km of land area),EN.POP.DNST,United Kingdom,GBR,243.4279089,244.366854,245.4035423,246.5489067,247.9556277,249.6639772,251.5058901,253.4719258,255.4747034,257.4144174,259.4401893,261.4756748,263.3447691,265.1138759,267.1020543,269.0364982,271.1817468,272.6656471,274.000744,275.4143761,275.8814533
Population density (people per sq. km of land area),EN.POP.DNST,United States,USA,30.79730133,31.10362839,31.39354993,31.66453462,31.95894507,32.2548766,32.56739985,32.87861136,33.24368685,33.53639923,33.8213646,34.09042779,34.36368932,34.62465723,34.90137766,35.18097136,35.45845058,35.70499758,35.91499866,36.10047718,36.248223
Population density (people per sq. km of land area),EN.POP.DNST,Uruguay,URY,18.6619015,18.70786767,18.7342418,18.74749172,18.75870186,18.77368872,18.79502914,18.82729402,18.86742658,18.91264427,18.9611473,19.0082562,19.05725631,19.11402697,19.17685979,19.24361216,19.30798194,19.36029025,19.39512056,19.41038738,19.42045481
Population density (people per sq. km of land area),EN.POP.DNST,Uzbekistan,UZB,56.85560538,57.55826992,58.26872917,58.98741847,59.72047915,60.47272106,61.25741195,62.1032148,63.06618161,64.08911216,65.12050233,66.13722066,67.145257,68.20746967,69.3523563,69.78970949,71.00591705,72.21980172,73.47808719,74.82539297,76.22006581
Population density (people per sq. km of land area),EN.POP.DNST,Vanuatu,VUT,15.28146021,15.67112387,16.06751436,16.4680886,16.87538966,17.28958162,17.71312551,18.15225595,18.61328958,19.09196062,19.54454471,19.97325677,20.41698113,20.87629204,21.34864643,21.82945037,22.32050861,22.84716981,23.40106645,23.95283019,24.51665299
Population density (people per sq. km of land area),EN.POP.DNST,"Venezuela, RB",VEN,27.80648263,28.32030157,28.8369945,29.355142,29.86320277,30.36767077,30.8652412,31.3467071,31.80510855,32.24114052,32.66606315,33.08793379,33.5058398,33.91213423,34.29973244,34.66240236,34.8797914,34.65259679,33.79354005,32.80777507,32.24769231
Population density (people per sq. km of land area),EN.POP.DNST,Viet Nam,VNM,248.0357841,250.6328104,253.6539172,256.5994034,259.0994646,259.203077,262.6892917,267.5771377,272.3080769,276.4402901,279.1472291,282.3901444,285.5586444,289.3641628,292.5592285,296.1974772,299.9489992,303.6887873,307.0466326,310.0344129,312.9231533
Population density (people per sq. km of land area),EN.POP.DNST,Virgin Islands (U.S.),VIR,310.4057143,310.14,310.0257143,310.0142857,309.9028571,309.8657143,309.6257143,309.5342857,309.7057143,309.7257143,309.5914286,309.4,309.1085714,308.6885714,308.2342857,307.7485714,307.1885714,306.5171429,305.7171429,304.7685714,303.6857143
Population density (people per sq. km of land area),EN.POP.DNST,West Bank and Gaza,PSE,485.4074751,497.9707641,510.8593023,524.0812292,537.645515,551.5607973,565.8362126,580.4810631,596.6739203,612.8071429,628.9303987,645.0142857,661.1292359,677.1940199,693.2554817,709.317608,725.4299003,740.0008306,758.9845515,778.2900332,797.8852159
Population density (people per sq. km of land area),EN.POP.DNST,"Yemen, Rep.",YEM,37.16904559,38.30927325,39.46263235,40.6393905,41.849285,43.16549236,44.59170597,46.05959051,47.56319677,49.10832812,50.67406671,52.2433036,53.85466409,55.5201091,57.25005019,59.01732864,60.81597439,62.67575999,64.55893706,66.50265735,68.44112923
Population density (people per sq. km of land area),EN.POP.DNST,Zambia,ZMB,13.47560634,13.88932458,14.32350314,14.77501043,15.25201846,15.76402561,16.31654044,16.90241327,17.51614092,18.14712197,18.78636247,19.42156338,20.06164866,20.71456032,21.38220181,22.05987301,22.75309461,23.46187062,24.17784608,24.90461131,25.6384872
Population density (people per sq. km of land area),EN.POP.DNST,Zimbabwe,ZWE,30.7407393,30.94713972,31.24635647,31.62032571,31.96560941,32.26943777,32.6649735,33.09824997,33.4991573,33.97386584,34.52642626,35.14391625,35.71897893,36.22543105,36.72575675,37.22117875,37.74148636,38.28998837,38.86377666,39.47620008,40.13671449
Population density (people per sq. km of land area),EN.POP.DNST,Africa Eastern and Southern,AFE,33.30351066,34.17687461,35.07986258,36.01076535,36.52957466,37.51359195,38.52863064,39.57953907,40.67248315,41.80105278,42.95749127,44.12546335,37.69651656,38.74697531,39.80915464,40.89719951,41.99155377,43.11581959,44.31093941,45.53346547,46.77951358
Population density (people per sq. km of land area),EN.POP.DNST,Africa Western and Central,AFW,30.39742797,31.26106505,32.15220744,33.06987844,34.01863631,34.99847177,36.00166685,37.03209408,38.09357612,39.17228188,40.27936452,41.43259542,42.60111886,43.78065872,44.99247682,46.22352578,47.4757006,48.73907015,49.98970957,51.22452542,52.46312376
Population density (people per sq. km of land area),EN.POP.DNST,Arab World,ARB,25.50397007,26.12986115,26.76279254,27.39726108,28.04214676,28.7157315,29.41852789,30.16804543,30.9456223,31.72723537,32.36662182,33.12210727,29.08442808,29.84238257,30.55077264,31.31100357,32.04514421,32.6945464,33.28095326,33.91319589,34.6339103
Population density (people per sq. km of land area),EN.POP.DNST,Caribbean small states,CSS,9.927113958,10.00454398,10.08410935,10.16489171,10.23911242,10.16107265,10.21994185,10.28499631,10.35051499,10.40555007,10.47188424,10.54157076,10.61016826,10.68353081,10.75595741,10.82532525,10.89343095,10.95567758,11.05985605,11.14887373,11.18944306
Population density (people per sq. km of land area),EN.POP.DNST,Central Europe and the Baltics,CEB,98.14558055,97.43263476,96.94538924,96.63579463,96.36113319,96.11156771,95.86997537,95.52262775,95.18263316,94.91405607,94.57237703,94.3426815,94.13488191,93.71889416,93.39541399,93.1179707,92.82475889,92.60473418,92.36920843,92.18545567,91.5975669
Population density (people per sq. km of land area),EN.POP.DNST,Early-demographic dividend,EAR,75.6044104,77.01766287,78.39096831,79.75302611,80.83250513,82.203116,83.57967727,84.95389366,86.31758764,87.68541055,89.05255253,90.44446202,91.80722453,93.15231705,94.45062909,95.74296973,97.02562993,98.27559251,99.48176197,100.7058969,101.9374604
Population density (people per sq. km of land area),EN.POP.DNST,East Asia & Pacific,EAS,83.86102839,84.61802091,85.33399791,85.98986259,86.64479011,87.28218296,87.9299462,88.59924815,89.27043446,89.91124026,90.54181635,91.20476095,91.95050532,92.68755013,93.39398617,94.06676501,94.69372765,95.36409178,95.94040154,96.43844038,96.83265894
Population density (people per sq. km of land area),EN.POP.DNST,East Asia & Pacific (excluding high income),EAP,113.8692161,114.9488481,115.9792926,116.9157939,117.8736842,118.8033842,119.7280653,120.6792342,121.6248792,122.5454577,123.4553315,124.4253486,125.5172568,126.6025168,127.6338802,128.6138017,129.5817424,130.5676548,131.4098683,132.1349255,132.7321635
Population density (people per sq. km of land area),EN.POP.DNST,East Asia & Pacific (IDA & IBRD countries),TEA,113.2397329,114.318115,115.348227,116.2828564,117.2376099,118.1655271,119.0892343,120.0398846,120.9852077,121.9055576,122.8154386,123.7857987,124.8787767,125.9648078,126.9963228,127.9758479,128.9433563,129.9292061,130.7706449,131.4944772,132.0900221
Population density (people per sq. km of land area),EN.POP.DNST,Euro area,EMU,119.1051315,119.520042,120.0871225,120.7300117,121.4244914,122.0732993,122.6872319,123.3366457,123.9810751,124.4084059,124.6653427,124.4405068,124.6944841,124.8275681,125.0433634,125.4179555,125.7480192,126.0287009,126.4042439,126.6362974,126.8154165
Population density (people per sq. km of land area),EN.POP.DNST,Europe & Central Asia,ECS,31.64821936,31.69376655,31.75471337,31.83804462,31.93096014,32.02228317,32.0043806,32.09529116,32.22704963,32.35416559,32.47112339,32.54491071,32.67392504,32.7974305,32.93242411,33.07305591,33.22160832,33.3509534,33.48318104,33.60257124,33.67155773
Population density (people per sq. km of land area),EN.POP.DNST,Europe & Central Asia (excluding high income),ECA,37.62691001,37.79063373,37.95693082,38.12913671,38.30373009,38.46645003,37.98818379,38.09019452,38.34571605,38.63823181,38.95269775,39.27176996,39.5979535,39.94797932,40.31652159,40.6419862,41.01040356,41.36950513,41.72850532,42.10168672,42.42925515
Population density (people per sq. km of land area),EN.POP.DNST,Europe & Central Asia (IDA & IBRD countries),TEC,19.15304493,19.1397286,19.12789671,19.13215518,19.14189483,19.15044839,19.08599305,19.08469081,19.13123371,19.19959488,19.27063556,19.35372543,19.44673083,19.54356095,19.64635366,19.74070569,19.84023288,19.93313465,20.01877967,20.10648407,20.14988016
Population density (people per sq. km of land area),EN.POP.DNST,European Union,EUU,107.4376309,107.5945736,107.8806812,108.2653698,108.6930596,109.1004847,109.48776,109.8727876,110.2574781,110.5116963,110.6511144,110.4849646,110.6449543,110.6955075,110.7986573,111.0342089,111.2443169,111.4256412,111.6726599,111.8212357,111.8111122
Population density (people per sq. km of land area),EN.POP.DNST,Fragile and conflict affected situations,FCS,34.87263915,35.68119611,36.56531073,37.4875271,38.08883679,39.0250244,39.97999618,40.93393936,41.93394825,42.99686228,44.07505008,45.16654231,40.62907962,41.62404815,42.59906967,43.55346782,44.53026242,45.52701311,46.53539308,47.57101816,48.6401896
Population density (people per sq. km of land area),EN.POP.DNST,Heavily indebted poor countries (HIPC),HPC,27.73660754,28.49697342,29.33040104,30.19901128,30.8005567,31.6880495,32.60646142,33.51804465,34.46388314,35.45264176,36.44738229,37.47305488,34.82360493,35.81493829,36.85378651,37.91891767,39.0256746,40.1855428,41.35235575,42.51906807,43.70990757
Population density (people per sq. km of land area),EN.POP.DNST,High income,HIC,24.15357014,24.27716041,24.40183271,24.52931747,24.66333383,24.79721247,24.94864167,25.1157482,25.29838229,25.45343526,25.56633279,25.6796475,25.83096051,25.97884397,26.11999861,26.2841462,26.43814472,26.55462103,26.64621817,26.73619722,26.80801191
Population density (people per sq. km of land area),EN.POP.DNST,IBRD only,IBD,56.3605167,57.03688038,57.69125236,58.33004597,58.9793317,59.61933909,60.1670472,60.77843744,61.40297394,62.04308854,62.68315438,63.33924207,64.03134253,64.73685219,65.42451769,66.07722514,66.71058948,67.34162736,67.92421933,68.46301566,68.93576872
Population density (people per sq. km of land area),EN.POP.DNST,IDA & IBRD total,IBT,54.83240383,55.64338513,56.44598267,57.24236971,57.95791822,58.76234354,59.50890249,60.31354831,61.13236232,61.96684637,62.80681568,63.6624484,62.86234338,63.71157668,64.55737938,65.38100554,66.20588754,67.04196143,67.85470962,68.64793269,69.40255184
Population density (people per sq. km of land area),EN.POP.DNST,IDA blend,IDB,80.46009391,82.61115871,84.7083096,86.82720374,89.03983792,91.28260889,93.58163718,96.04557573,98.5976026,101.1773785,103.7940193,106.3603298,108.8094894,111.1498372,113.4824746,115.6891537,117.979685,120.3375434,122.7702943,125.2318953,127.7631504
Population density (people per sq. km of land area),EN.POP.DNST,IDA only,IDX,41.66900602,42.64640991,43.68217687,44.74069827,45.41071237,46.47079117,47.5743962,48.68920551,49.80203551,50.92777447,52.07271186,53.24983722,47.76554852,48.75546709,49.79214712,50.86445252,52.00159985,53.18357697,54.40567351,55.68100547,56.98647575
Population density (people per sq. km of land area),EN.POP.DNST,IDA total,IDA,50.06201778,51.29328544,52.55869616,53.84666941,54.78961631,56.10393719,57.46445224,58.86945133,60.2917525,61.73002106,63.19092747,64.66636884,59.59023475,60.84177163,62.13008499,63.43245861,64.79333558,66.20333176,67.66018238,69.16543373,70.70881337
Population density (people per sq. km of land area),EN.POP.DNST,Late-demographic dividend,LTE,46.00989798,46.3489596,46.66400574,46.96157967,47.26020629,47.55403481,47.75064183,48.06197053,48.37670967,48.67672349,48.95084547,49.25734218,49.62088926,49.97330981,50.33581148,50.67447426,51.00579239,51.34499378,51.62639797,51.86255093,52.03008264
Population density (people per sq. km of land area),EN.POP.DNST,Latin America & Caribbean,LCN,25.95298024,26.31715279,26.67361752,27.02040014,27.36021954,27.69267869,28.02349675,28.35239253,28.67981779,29.00304804,29.32054043,29.63512771,29.95138391,30.26747459,30.57574215,30.8759166,31.16883587,31.45245405,31.71993285,31.97876365,32.20503686
Population density (people per sq. km of land area),EN.POP.DNST,Latin America & Caribbean (excluding high income),LAC,25.8678757,26.23159625,26.58711777,26.93236265,27.2706804,27.60445895,27.9343857,28.26308862,28.59087463,28.91500378,29.23281589,29.54924185,29.86701363,30.18489121,30.49499957,30.79740525,31.09734576,31.40608554,31.72765806,32.04085469,32.30798636
Population density (people per sq. km of land area),EN.POP.DNST,Latin America & the Caribbean (IDA & IBRD countries),TLA,25.33093866,25.69510894,26.05016199,26.39683633,26.73667896,27.06965453,27.40186287,27.73289753,28.06269893,28.38833024,28.70798974,29.02677583,29.34569828,29.66126331,29.97353851,30.27819638,30.57567896,30.86483951,31.14076084,31.40164479,31.63177058
Population density (people per sq. km of land area),EN.POP.DNST,Least developed countries: UN classification,LDC,38.03586843,38.95333564,39.93513238,40.94273063,41.5882276,42.59749099,43.63249483,44.65616472,45.70680743,46.79411147,47.89328774,49.03115066,44.04245187,45.10286505,46.18426303,47.27572809,48.40153534,49.55976577,50.74442464,51.96759124,53.22630597
Population density (people per sq. km of land area),EN.POP.DNST,Low & middle income,LMY,65.64685236,66.66005111,67.66203226,68.64993128,69.63316735,70.63071848,71.53244723,72.52637406,73.53480435,74.56027374,75.5920349,76.63916109,75.15665722,76.19032921,77.21617229,78.21314923,79.21300069,80.23223977,81.22909704,82.20259274,83.13248211
Population density (people per sq. km of land area),EN.POP.DNST,Low income,LIC,29.07984695,29.85502148,30.73514529,31.65576387,32.50404695,33.44695759,34.45916683,35.48527231,36.51204707,37.56587665,38.6374381,39.72878943,33.31575586,34.15559867,34.99158025,35.86077699,36.80383876,37.8129946,38.88749916,40.02277788,41.17310389
Population density (people per sq. km of land area),EN.POP.DNST,Lower middle income,LMC,113.7624433,116.0583506,118.3126305,120.5444703,122.8071722,125.0167633,127.2563004,129.5442739,131.8173818,134.1013943,136.4235725,138.7537243,141.0691007,143.3581546,145.6779233,147.8904136,150.1165385,152.3278844,154.5015866,156.6442543,158.7715799
Population density (people per sq. km of land area),EN.POP.DNST,"Middle East, North Africa, Afghanistan & Pakistan",MEA,39.12058136,40.03983253,40.96595346,41.92674845,42.93455713,43.972037,45.05397154,46.14845675,47.25957284,48.40200186,49.40625577,50.53104681,51.65539964,52.77827202,53.82669696,54.89545198,55.90684166,56.87313499,57.78092968,58.75806547,59.84115788
Population density (people per sq. km of land area),EN.POP.DNST,"Middle East, North Africa, Afghanistan & Pakistan (excluding high income)",MNA,45.98969132,47.00718304,48.03199706,49.10057416,50.22614674,51.38064944,52.56419196,53.72434093,54.90085766,56.14226889,57.3701971,58.58735989,59.771828,60.92400875,62.05800621,63.12998044,64.17181487,65.29842883,66.45968245,67.65700705,68.85417212
Population density (people per sq. km of land area),EN.POP.DNST,"Middle East, North Africa, Afghanistan & Pakistan (IDA & IBRD)",TMN,45.72676644,46.73734975,47.75506514,48.81636494,49.93449411,51.08136126,52.25707195,53.40915257,54.57668417,55.80910166,57.0281146,58.23637955,59.41191167,60.55516009,61.6802232,62.74322559,63.77604008,64.89435589,66.0449358,67.23141619,68.41756287
Population density (people per sq. km of land area),EN.POP.DNST,Middle income,MIC,72.16593361,73.22157042,74.24544124,75.24450558,76.26392342,77.27096064,78.14193855,79.13018157,80.13535592,81.15605039,82.18109984,83.22047441,84.29482253,85.37126808,86.43871426,87.46302811,88.47532274,89.49773396,90.47763229,91.41581403,92.29797691
Population density (people per sq. km of land area),EN.POP.DNST,North America,NAC,17.2615411,17.43486753,17.60007765,17.75267653,17.91783275,18.08417513,18.26025488,18.43508058,18.62769126,18.79666317,18.96133387,19.11561815,19.27427298,19.42635702,19.58559606,19.74172249,19.90428522,20.05277859,20.18797195,20.31179424,20.40906718
Population density (people per sq. km of land area),EN.POP.DNST,Not classified,INX,..,..,..,..,..,..,..,..,..,..,..,..,..,..,..,..,..,..,..,..,..
Population density (people per sq. km of land area),EN.POP.DNST,OECD members,OED,33.8553314,34.10571222,34.35842886,34.60898263,34.85944223,35.10624319,35.36284351,35.61567383,35.91196587,36.1719993,36.4164204,36.61224066,36.83967763,37.05499844,37.28052845,37.51250654,37.74026391,37.96591164,38.20006043,38.41651323,38.56305348
Population density (people per sq. km of land area),EN.POP.DNST,Other small states,OSS,37.32820026,37.98963088,38.65492848,39.16374737,39.80632,40.22385986,38.69276027,39.16363125,39.64640787,40.10966539,40.55822153,40.97831396,41.41586027,41.6913811,42.14445434,42.62147727,43.08816921,43.70226579,44.1414058,44.67480121,45.16740628
Population density (people per sq. km of land area),EN.POP.DNST,Pacific island small states,PSS,31.8111215,32.22892523,32.63665109,33.03102804,33.419081,33.80107477,34.17858255,34.55186916,34.90247664,35.24074766,35.66042056,36.15107477,36.63433022,37.1173053,37.6065109,38.09951713,38.59492212,39.1270304,39.62601715,40.04140296,40.46020265
Population density (people per sq. km of land area),EN.POP.DNST,Post-demographic dividend,PST,32.56893954,32.72724607,32.89543654,33.06068081,33.233062,33.4006633,33.58392902,33.78421457,34.00641108,34.18144863,34.34231135,34.44603303,34.5965884,34.73393881,34.88016326,35.0358979,35.186609,35.32068443,35.45483604,35.56746328,35.63593374
Population density (people per sq. km of land area),EN.POP.DNST,Pre-demographic dividend,PRE,31.61309795,32.52138766,33.5065579,34.52699691,35.50876978,36.5684346,37.6301036,38.66835494,39.79533648,41.00931821,42.22915846,43.49306923,39.29323626,40.48210341,41.6777918,42.86766801,44.08155847,45.32876241,46.59660137,47.87611059,49.17228837
Population density (people per sq. km of land area),EN.POP.DNST,Small states,SST,21.77635874,22.0951703,22.41566199,22.67904066,22.94749366,23.08880827,22.89695748,23.13979746,23.38533997,23.61687707,23.85615258,24.09208492,24.33402222,24.54339886,24.79399708,25.05220209,25.30673345,25.59702041,25.87452222,26.157554,26.3995023
Population density (people per sq. km of land area),EN.POP.DNST,South Asia,SAS,369.3620226,376.2178031,382.9159987,389.4133458,396.0618713,402.3154007,408.3793055,414.2822533,419.9867449,425.758542,431.6121155,437.4085784,443.1377851,448.5469248,453.9764768,459.3250348,464.6220576,469.8232284,474.800737,479.6552272,484.3347994
Population density (people per sq. km of land area),EN.POP.DNST,South Asia (IDA & IBRD),TSA,369.3620226,376.2178031,382.9159987,389.4133458,396.0618713,402.3154007,408.3793055,414.2822533,419.9867449,425.758542,431.6121155,437.4085784,443.1377851,448.5469248,453.9764768,459.3250348,464.6220576,469.8232284,474.800737,479.6552272,484.3347994
Population density (people per sq. km of land area),EN.POP.DNST,Sub-Saharan Africa,SSF,32.06593707,32.93515877,33.83310222,34.75837016,35.46770338,36.44995443,37.45998409,38.50223342,39.58187037,40.68935439,41.82495688,42.98670848,39.55353833,40.65287387,41.77171464,42.91390058,44.06800959,45.24494514,46.46108494,47.68826211,48.93149262
Population density (people per sq. km of land area),EN.POP.DNST,Sub-Saharan Africa (excluding high income),SSA,30.31641588,31.1260199,31.96211246,32.82461103,33.68522642,34.60916522,35.56011985,36.54202472,37.56116086,38.60877228,39.68265895,40.78041027,37.30286875,38.34065818,39.3972674,40.47514027,41.56121962,42.66694062,43.81168312,44.96469493,46.12983104
Population density (people per sq. km of land area),EN.POP.DNST,Sub-Saharan Africa (IDA & IBRD countries),TSS,32.06593707,32.93515877,33.83310222,34.75837016,35.46770338,36.44995443,37.45998409,38.50223342,39.58187037,40.68935439,41.82495688,42.98670848,39.55353833,40.65287387,41.77171464,42.91390058,44.06800959,45.24494514,46.46108494,47.68826211,48.93149262
Population density (people per sq. km of land area),EN.POP.DNST,Upper middle income,UMC,54.31007504,54.83332817,55.32913258,55.8027989,56.29048235,56.77853587,57.11224174,57.54391524,58.00617597,58.48377026,58.95272413,59.43962228,59.9823773,60.53877929,61.07093299,61.5809398,62.07369603,62.58286628,63.05150349,63.47367375,63.82032132
Population density (people per sq. km of land area),EN.POP.DNST,World,WLD,48.44033669,49.09507195,49.74405682,50.38739405,50.9812849,51.63245274,52.25213075,52.91528335,53.59688131,54.27295309,54.93637609,55.6095937,55.23115531,55.91683986,56.59597062,57.26885221,57.93584055,58.59844486,59.23479549,59.85675227,60.4493567
,,,,,,,,,,,,,,,,,,,,,,,,
,,,,,,,,,,,,,,,,,,,,,,,,
,,,,,,,,,,,,,,,,,,,,,,,,
Data from database: World Development Indicators,,,,,,,,,,,,,,,,,,,,,,,,
Last Updated: 10/07/2025,,,,,,,,,,,,,,,,,,,,,,,,
